[2025-04-13 00:11:49,624]-[main] INFO  Application - Autoreload is disabled because the development mode is off.
[2025-04-13 00:11:52,551]-[main] INFO  Exposed - Preparing create tables statements took 342ms
[2025-04-13 00:11:52,770]-[main] INFO  Exposed - Executing create tables statements took 219ms
[2025-04-13 00:11:52,858]-[main] INFO  Exposed - Extracting table columns took 87ms
[2025-04-13 00:11:52,929]-[main] INFO  Exposed - Extracting primary keys took 71ms
[2025-04-13 00:11:53,189]-[main] INFO  Exposed - Extracting column constraints took 252ms
[2025-04-13 00:11:53,190]-[main] INFO  Exposed - Preparing alter table statements took 419ms
[2025-04-13 00:11:53,244]-[main] INFO  Exposed - Executing alter table statements took 54ms
[2025-04-13 00:11:53,493]-[main] INFO  Exposed - Checking mapping consistence took 248ms
[2025-04-13 00:11:53,603]-[main] INFO  Exposed - Preparing create tables statements took 51ms
[2025-04-13 00:11:53,648]-[main] INFO  Exposed - Executing create tables statements took 44ms
[2025-04-13 00:11:53,721]-[main] INFO  Exposed - Extracting table columns took 73ms
[2025-04-13 00:11:53,769]-[main] INFO  Exposed - Extracting primary keys took 48ms
[2025-04-13 00:11:53,918]-[main] INFO  Exposed - Extracting column constraints took 119ms
[2025-04-13 00:11:53,918]-[main] INFO  Exposed - Preparing alter table statements took 270ms
[2025-04-13 00:11:53,963]-[main] INFO  Exposed - Executing alter table statements took 45ms
[2025-04-13 00:11:54,122]-[main] INFO  Exposed - Checking mapping consistence took 159ms
[2025-04-13 00:11:54,218]-[main] INFO  Exposed - Preparing create tables statements took 62ms
[2025-04-13 00:11:54,261]-[main] INFO  Exposed - Executing create tables statements took 43ms
[2025-04-13 00:11:54,312]-[main] INFO  Exposed - Extracting table columns took 51ms
[2025-04-13 00:11:54,400]-[main] INFO  Exposed - Extracting primary keys took 88ms
[2025-04-13 00:11:55,122]-[main] INFO  Exposed - Extracting column constraints took 720ms
[2025-04-13 00:11:55,124]-[main] INFO  Exposed - Preparing alter table statements took 863ms
[2025-04-13 00:11:55,167]-[main] INFO  Exposed - Executing alter table statements took 43ms
[2025-04-13 00:11:55,307]-[main] INFO  Exposed - Checking mapping consistence took 139ms
[2025-04-13 00:11:55,357]-[main] INFO  Exposed - Preparing create tables statements took 50ms
[2025-04-13 00:11:55,402]-[main] INFO  Exposed - Executing create tables statements took 44ms
[2025-04-13 00:11:55,470]-[main] INFO  Exposed - Extracting table columns took 67ms
[2025-04-13 00:11:55,517]-[main] INFO  Exposed - Extracting primary keys took 47ms
[2025-04-13 00:11:55,853]-[main] INFO  Exposed - Extracting column constraints took 334ms
[2025-04-13 00:11:55,854]-[main] INFO  Exposed - Preparing alter table statements took 451ms
[2025-04-13 00:11:55,898]-[main] INFO  Exposed - Executing alter table statements took 44ms
[2025-04-13 00:11:56,050]-[main] INFO  Exposed - Checking mapping consistence took 151ms
[2025-04-13 00:11:56,119]-[main] INFO  Exposed - Preparing create tables statements took 51ms
[2025-04-13 00:11:56,163]-[main] INFO  Exposed - Executing create tables statements took 43ms
[2025-04-13 00:11:56,213]-[main] INFO  Exposed - Extracting table columns took 49ms
[2025-04-13 00:11:56,268]-[main] INFO  Exposed - Extracting primary keys took 55ms
[2025-04-13 00:11:57,009]-[main] INFO  Exposed - Extracting column constraints took 738ms
[2025-04-13 00:11:57,010]-[main] INFO  Exposed - Preparing alter table statements took 846ms
[2025-04-13 00:11:57,053]-[main] INFO  Exposed - Executing alter table statements took 43ms
[2025-04-13 00:11:57,193]-[main] INFO  Exposed - Checking mapping consistence took 140ms
[2025-04-13 00:11:57,244]-[main] INFO  Exposed - Preparing create tables statements took 45ms
[2025-04-13 00:11:57,286]-[main] INFO  Exposed - Executing create tables statements took 42ms
[2025-04-13 00:11:57,333]-[main] INFO  Exposed - Extracting table columns took 46ms
[2025-04-13 00:11:57,378]-[main] INFO  Exposed - Extracting primary keys took 45ms
[2025-04-13 00:11:58,494]-[main] INFO  Exposed - Extracting column constraints took 1115ms
[2025-04-13 00:11:58,494]-[main] INFO  Exposed - Preparing alter table statements took 1207ms
[2025-04-13 00:11:58,538]-[main] INFO  Exposed - Executing alter table statements took 44ms
[2025-04-13 00:11:58,670]-[main] INFO  Exposed - Checking mapping consistence took 131ms
[2025-04-13 00:11:58,716]-[main] INFO  Exposed - Preparing create tables statements took 45ms
[2025-04-13 00:11:58,759]-[main] INFO  Exposed - Executing create tables statements took 43ms
[2025-04-13 00:11:58,806]-[main] INFO  Exposed - Extracting table columns took 46ms
[2025-04-13 00:11:58,851]-[main] INFO  Exposed - Extracting primary keys took 44ms
[2025-04-13 00:11:59,072]-[main] INFO  Exposed - Extracting column constraints took 220ms
[2025-04-13 00:11:59,072]-[main] INFO  Exposed - Preparing alter table statements took 312ms
[2025-04-13 00:11:59,115]-[main] INFO  Exposed - Executing alter table statements took 43ms
[2025-04-13 00:11:59,247]-[main] INFO  Exposed - Checking mapping consistence took 131ms
[2025-04-13 00:11:59,292]-[main] INFO  Exposed - Preparing create tables statements took 44ms
[2025-04-13 00:11:59,334]-[main] INFO  Exposed - Executing create tables statements took 42ms
[2025-04-13 00:11:59,381]-[main] INFO  Exposed - Extracting table columns took 46ms
[2025-04-13 00:11:59,425]-[main] INFO  Exposed - Extracting primary keys took 44ms
[2025-04-13 00:11:59,643]-[main] INFO  Exposed - Extracting column constraints took 217ms
[2025-04-13 00:11:59,644]-[main] INFO  Exposed - Preparing alter table statements took 309ms
[2025-04-13 00:11:59,688]-[main] INFO  Exposed - Executing alter table statements took 44ms
[2025-04-13 00:11:59,818]-[main] INFO  Exposed - Checking mapping consistence took 129ms
[2025-04-13 00:11:59,863]-[main] INFO  Exposed - Preparing create tables statements took 44ms
[2025-04-13 00:11:59,906]-[main] INFO  Exposed - Executing create tables statements took 42ms
[2025-04-13 00:11:59,952]-[main] INFO  Exposed - Extracting table columns took 45ms
[2025-04-13 00:11:59,997]-[main] INFO  Exposed - Extracting primary keys took 44ms
[2025-04-13 00:12:00,341]-[main] INFO  Exposed - Extracting column constraints took 344ms
[2025-04-13 00:12:00,341]-[main] INFO  Exposed - Preparing alter table statements took 434ms
[2025-04-13 00:12:00,385]-[main] INFO  Exposed - Executing alter table statements took 44ms
[2025-04-13 00:12:00,519]-[main] INFO  Exposed - Checking mapping consistence took 134ms
[2025-04-13 00:12:00,565]-[main] INFO  Exposed - Preparing create tables statements took 45ms
[2025-04-13 00:12:00,608]-[main] INFO  Exposed - Executing create tables statements took 43ms
[2025-04-13 00:12:00,656]-[main] INFO  Exposed - Extracting table columns took 48ms
[2025-04-13 00:12:00,702]-[main] INFO  Exposed - Extracting primary keys took 46ms
[2025-04-13 00:12:00,929]-[main] INFO  Exposed - Extracting column constraints took 227ms
[2025-04-13 00:12:00,929]-[main] INFO  Exposed - Preparing alter table statements took 321ms
[2025-04-13 00:12:00,974]-[main] INFO  Exposed - Executing alter table statements took 45ms
[2025-04-13 00:12:01,110]-[main] INFO  Exposed - Checking mapping consistence took 136ms
[2025-04-13 00:12:01,158]-[main] INFO  Exposed - Preparing create tables statements took 45ms
[2025-04-13 00:12:01,201]-[main] INFO  Exposed - Executing create tables statements took 43ms
[2025-04-13 00:12:01,249]-[main] INFO  Exposed - Extracting table columns took 48ms
[2025-04-13 00:12:01,294]-[main] INFO  Exposed - Extracting primary keys took 45ms
[2025-04-13 00:12:01,513]-[main] INFO  Exposed - Extracting column constraints took 219ms
[2025-04-13 00:12:01,513]-[main] INFO  Exposed - Preparing alter table statements took 312ms
[2025-04-13 00:12:01,555]-[main] INFO  Exposed - Executing alter table statements took 42ms
[2025-04-13 00:12:01,688]-[main] INFO  Exposed - Checking mapping consistence took 132ms
[2025-04-13 00:12:01,734]-[main] INFO  Exposed - Preparing create tables statements took 45ms
[2025-04-13 00:12:01,778]-[main] INFO  Exposed - Executing create tables statements took 43ms
[2025-04-13 00:12:01,824]-[main] INFO  Exposed - Extracting table columns took 46ms
[2025-04-13 00:12:01,869]-[main] INFO  Exposed - Extracting primary keys took 45ms
[2025-04-13 00:12:02,454]-[main] INFO  Exposed - Extracting column constraints took 585ms
[2025-04-13 00:12:02,454]-[main] INFO  Exposed - Preparing alter table statements took 676ms
[2025-04-13 00:12:02,499]-[main] INFO  Exposed - Executing alter table statements took 45ms
[2025-04-13 00:12:02,643]-[main] INFO  Exposed - Checking mapping consistence took 144ms
[2025-04-13 00:12:02,688]-[main] INFO  Exposed - Preparing create tables statements took 44ms
[2025-04-13 00:12:02,730]-[main] INFO  Exposed - Executing create tables statements took 41ms
[2025-04-13 00:12:02,777]-[main] INFO  Exposed - Extracting table columns took 47ms
[2025-04-13 00:12:02,822]-[main] INFO  Exposed - Extracting primary keys took 44ms
[2025-04-13 00:12:03,153]-[main] INFO  Exposed - Extracting column constraints took 330ms
[2025-04-13 00:12:03,154]-[main] INFO  Exposed - Preparing alter table statements took 424ms
[2025-04-13 00:12:03,197]-[main] INFO  Exposed - Executing alter table statements took 43ms
[2025-04-13 00:12:03,328]-[main] INFO  Exposed - Checking mapping consistence took 131ms
[2025-04-13 00:12:03,373]-[main] INFO  Exposed - Preparing create tables statements took 44ms
[2025-04-13 00:12:03,415]-[main] INFO  Exposed - Executing create tables statements took 42ms
[2025-04-13 00:12:03,461]-[main] INFO  Exposed - Extracting table columns took 45ms
[2025-04-13 00:12:03,505]-[main] INFO  Exposed - Extracting primary keys took 44ms
[2025-04-13 00:12:03,617]-[main] INFO  Exposed - Extracting column constraints took 111ms
[2025-04-13 00:12:03,617]-[main] INFO  Exposed - Preparing alter table statements took 201ms
[2025-04-13 00:12:03,661]-[main] INFO  Exposed - Executing alter table statements took 44ms
[2025-04-13 00:12:03,792]-[main] INFO  Exposed - Checking mapping consistence took 131ms
[2025-04-13 00:12:03,838]-[main] INFO  Exposed - Preparing create tables statements took 44ms
[2025-04-13 00:12:03,879]-[main] INFO  Exposed - Executing create tables statements took 41ms
[2025-04-13 00:12:03,928]-[main] INFO  Exposed - Extracting table columns took 48ms
[2025-04-13 00:12:03,976]-[main] INFO  Exposed - Extracting primary keys took 47ms
[2025-04-13 00:12:04,306]-[main] INFO  Exposed - Extracting column constraints took 330ms
[2025-04-13 00:12:04,306]-[main] INFO  Exposed - Preparing alter table statements took 426ms
[2025-04-13 00:12:04,349]-[main] INFO  Exposed - Executing alter table statements took 43ms
[2025-04-13 00:12:04,481]-[main] INFO  Exposed - Checking mapping consistence took 132ms
[2025-04-13 00:12:04,532]-[main] INFO  Exposed - Preparing create tables statements took 49ms
[2025-04-13 00:12:04,577]-[main] INFO  Exposed - Executing create tables statements took 44ms
[2025-04-13 00:12:04,623]-[main] INFO  Exposed - Extracting table columns took 46ms
[2025-04-13 00:12:04,668]-[main] INFO  Exposed - Extracting primary keys took 44ms
[2025-04-13 00:12:05,343]-[main] INFO  Exposed - Extracting column constraints took 675ms
[2025-04-13 00:12:05,344]-[main] INFO  Exposed - Preparing alter table statements took 767ms
[2025-04-13 00:12:05,387]-[main] INFO  Exposed - Executing alter table statements took 42ms
[2025-04-13 00:12:05,518]-[main] INFO  Exposed - Checking mapping consistence took 131ms
[2025-04-13 00:12:05,563]-[main] INFO  Exposed - Preparing create tables statements took 45ms
[2025-04-13 00:12:05,605]-[main] INFO  Exposed - Executing create tables statements took 42ms
[2025-04-13 00:12:05,650]-[main] INFO  Exposed - Extracting table columns took 45ms
[2025-04-13 00:12:05,696]-[main] INFO  Exposed - Extracting primary keys took 45ms
[2025-04-13 00:12:05,801]-[main] INFO  Exposed - Extracting column constraints took 105ms
[2025-04-13 00:12:05,801]-[main] INFO  Exposed - Preparing alter table statements took 196ms
[2025-04-13 00:12:05,843]-[main] INFO  Exposed - Executing alter table statements took 42ms
[2025-04-13 00:12:05,979]-[main] INFO  Exposed - Checking mapping consistence took 135ms
[2025-04-13 00:12:06,024]-[main] INFO  Exposed - Preparing create tables statements took 45ms
[2025-04-13 00:12:06,066]-[main] INFO  Exposed - Executing create tables statements took 42ms
[2025-04-13 00:12:06,111]-[main] INFO  Exposed - Extracting table columns took 45ms
[2025-04-13 00:12:06,156]-[main] INFO  Exposed - Extracting primary keys took 45ms
[2025-04-13 00:12:06,375]-[main] INFO  Exposed - Extracting column constraints took 218ms
[2025-04-13 00:12:06,376]-[main] INFO  Exposed - Preparing alter table statements took 310ms
[2025-04-13 00:12:06,418]-[main] INFO  Exposed - Executing alter table statements took 42ms
[2025-04-13 00:12:06,549]-[main] INFO  Exposed - Checking mapping consistence took 130ms
[2025-04-13 00:12:06,601]-[main] INFO  Exposed - Preparing create tables statements took 50ms
[2025-04-13 00:12:06,644]-[main] INFO  Exposed - Executing create tables statements took 43ms
[2025-04-13 00:12:06,695]-[main] INFO  Exposed - Extracting table columns took 50ms
[2025-04-13 00:12:06,742]-[main] INFO  Exposed - Extracting primary keys took 46ms
[2025-04-13 00:12:07,301]-[main] INFO  Exposed - Extracting column constraints took 558ms
[2025-04-13 00:12:07,301]-[main] INFO  Exposed - Preparing alter table statements took 656ms
[2025-04-13 00:12:07,343]-[main] INFO  Exposed - Executing alter table statements took 42ms
[2025-04-13 00:12:07,473]-[main] INFO  Exposed - Checking mapping consistence took 130ms
[2025-04-13 00:12:07,520]-[main] INFO  Exposed - Preparing create tables statements took 45ms
[2025-04-13 00:12:07,561]-[main] INFO  Exposed - Executing create tables statements took 41ms
[2025-04-13 00:12:07,607]-[main] INFO  Exposed - Extracting table columns took 45ms
[2025-04-13 00:12:07,654]-[main] INFO  Exposed - Extracting primary keys took 47ms
[2025-04-13 00:12:07,985]-[main] INFO  Exposed - Extracting column constraints took 331ms
[2025-04-13 00:12:07,985]-[main] INFO  Exposed - Preparing alter table statements took 423ms
[2025-04-13 00:12:08,028]-[main] INFO  Exposed - Executing alter table statements took 43ms
[2025-04-13 00:12:08,162]-[main] INFO  Exposed - Checking mapping consistence took 133ms
[2025-04-13 00:12:08,207]-[main] INFO  Exposed - Preparing create tables statements took 45ms
[2025-04-13 00:12:08,251]-[main] INFO  Exposed - Executing create tables statements took 43ms
[2025-04-13 00:12:08,296]-[main] INFO  Exposed - Extracting table columns took 45ms
[2025-04-13 00:12:08,341]-[main] INFO  Exposed - Extracting primary keys took 45ms
[2025-04-13 00:12:08,452]-[main] INFO  Exposed - Extracting column constraints took 111ms
[2025-04-13 00:12:08,452]-[main] INFO  Exposed - Preparing alter table statements took 201ms
[2025-04-13 00:12:08,495]-[main] INFO  Exposed - Executing alter table statements took 43ms
[2025-04-13 00:12:08,626]-[main] INFO  Exposed - Checking mapping consistence took 131ms
[2025-04-13 00:12:08,671]-[main] INFO  Exposed - Preparing create tables statements took 44ms
[2025-04-13 00:12:08,713]-[main] INFO  Exposed - Executing create tables statements took 42ms
[2025-04-13 00:12:08,757]-[main] INFO  Exposed - Extracting table columns took 44ms
[2025-04-13 00:12:08,802]-[main] INFO  Exposed - Extracting primary keys took 44ms
[2025-04-13 00:12:09,464]-[main] INFO  Exposed - Extracting column constraints took 661ms
[2025-04-13 00:12:09,464]-[main] INFO  Exposed - Preparing alter table statements took 751ms
[2025-04-13 00:12:09,507]-[main] INFO  Exposed - Executing alter table statements took 43ms
[2025-04-13 00:12:09,637]-[main] INFO  Exposed - Checking mapping consistence took 130ms
[2025-04-13 00:12:09,682]-[main] INFO  Exposed - Preparing create tables statements took 44ms
[2025-04-13 00:12:09,723]-[main] INFO  Exposed - Executing create tables statements took 41ms
[2025-04-13 00:12:09,769]-[main] INFO  Exposed - Extracting table columns took 46ms
[2025-04-13 00:12:09,813]-[main] INFO  Exposed - Extracting primary keys took 44ms
[2025-04-13 00:12:10,145]-[main] INFO  Exposed - Extracting column constraints took 331ms
[2025-04-13 00:12:10,145]-[main] INFO  Exposed - Preparing alter table statements took 422ms
[2025-04-13 00:12:10,189]-[main] INFO  Exposed - Executing alter table statements took 43ms
[2025-04-13 00:12:10,322]-[main] INFO  Exposed - Checking mapping consistence took 133ms
[2025-04-13 00:12:10,369]-[main] INFO  Exposed - Preparing create tables statements took 44ms
[2025-04-13 00:12:10,411]-[main] INFO  Exposed - Executing create tables statements took 42ms
[2025-04-13 00:12:10,457]-[main] INFO  Exposed - Extracting table columns took 46ms
[2025-04-13 00:12:10,501]-[main] INFO  Exposed - Extracting primary keys took 44ms
[2025-04-13 00:12:10,837]-[main] INFO  Exposed - Extracting column constraints took 335ms
[2025-04-13 00:12:10,837]-[main] INFO  Exposed - Preparing alter table statements took 426ms
[2025-04-13 00:12:10,880]-[main] INFO  Exposed - Executing alter table statements took 43ms
[2025-04-13 00:12:11,010]-[main] INFO  Exposed - Checking mapping consistence took 130ms
[2025-04-13 00:12:11,062]-[main] INFO  Exposed - Preparing create tables statements took 45ms
[2025-04-13 00:12:11,104]-[main] INFO  Exposed - Executing create tables statements took 42ms
[2025-04-13 00:12:11,150]-[main] INFO  Exposed - Extracting table columns took 46ms
[2025-04-13 00:12:11,195]-[main] INFO  Exposed - Extracting primary keys took 45ms
[2025-04-13 00:12:11,300]-[main] INFO  Exposed - Extracting column constraints took 105ms
[2025-04-13 00:12:11,300]-[main] INFO  Exposed - Preparing alter table statements took 196ms
[2025-04-13 00:12:11,343]-[main] INFO  Exposed - Executing alter table statements took 42ms
[2025-04-13 00:12:11,473]-[main] INFO  Exposed - Checking mapping consistence took 130ms
[2025-04-13 00:12:11,520]-[main] INFO  Exposed - Preparing create tables statements took 44ms
[2025-04-13 00:12:11,561]-[main] INFO  Exposed - Executing create tables statements took 41ms
[2025-04-13 00:12:11,606]-[main] INFO  Exposed - Extracting table columns took 45ms
[2025-04-13 00:12:11,650]-[main] INFO  Exposed - Extracting primary keys took 44ms
[2025-04-13 00:12:11,999]-[main] INFO  Exposed - Extracting column constraints took 349ms
[2025-04-13 00:12:12,000]-[main] INFO  Exposed - Preparing alter table statements took 439ms
[2025-04-13 00:12:12,043]-[main] INFO  Exposed - Executing alter table statements took 43ms
[2025-04-13 00:12:12,173]-[main] INFO  Exposed - Checking mapping consistence took 130ms
[2025-04-13 00:12:12,219]-[main] INFO  Exposed - Preparing create tables statements took 44ms
[2025-04-13 00:12:12,261]-[main] INFO  Exposed - Executing create tables statements took 42ms
[2025-04-13 00:12:12,306]-[main] INFO  Exposed - Extracting table columns took 45ms
[2025-04-13 00:12:12,351]-[main] INFO  Exposed - Extracting primary keys took 45ms
[2025-04-13 00:12:12,461]-[main] INFO  Exposed - Extracting column constraints took 110ms
[2025-04-13 00:12:12,461]-[main] INFO  Exposed - Preparing alter table statements took 200ms
[2025-04-13 00:12:12,504]-[main] INFO  Exposed - Executing alter table statements took 42ms
[2025-04-13 00:12:12,636]-[main] INFO  Exposed - Checking mapping consistence took 132ms
[2025-04-13 00:12:12,681]-[main] INFO  Exposed - Preparing create tables statements took 44ms
[2025-04-13 00:12:12,723]-[main] INFO  Exposed - Executing create tables statements took 42ms
[2025-04-13 00:12:12,769]-[main] INFO  Exposed - Extracting table columns took 46ms
[2025-04-13 00:12:12,813]-[main] INFO  Exposed - Extracting primary keys took 43ms
[2025-04-13 00:12:12,923]-[main] INFO  Exposed - Extracting column constraints took 109ms
[2025-04-13 00:12:12,923]-[main] INFO  Exposed - Preparing alter table statements took 200ms
[2025-04-13 00:12:12,970]-[main] INFO  Exposed - Executing alter table statements took 47ms
[2025-04-13 00:12:13,103]-[main] INFO  Exposed - Checking mapping consistence took 133ms
[2025-04-13 00:12:13,147]-[main] INFO  Exposed - Preparing create tables statements took 43ms
[2025-04-13 00:12:13,190]-[main] INFO  Exposed - Executing create tables statements took 43ms
[2025-04-13 00:12:13,236]-[main] INFO  Exposed - Extracting table columns took 46ms
[2025-04-13 00:12:13,280]-[main] INFO  Exposed - Extracting primary keys took 43ms
[2025-04-13 00:12:13,395]-[main] INFO  Exposed - Extracting column constraints took 114ms
[2025-04-13 00:12:13,395]-[main] INFO  Exposed - Preparing alter table statements took 205ms
[2025-04-13 00:12:13,438]-[main] INFO  Exposed - Executing alter table statements took 43ms
[2025-04-13 00:12:13,574]-[main] INFO  Exposed - Checking mapping consistence took 136ms
[2025-04-13 00:12:13,622]-[main] INFO  Exposed - Preparing create tables statements took 45ms
[2025-04-13 00:12:13,664]-[main] INFO  Exposed - Executing create tables statements took 42ms
[2025-04-13 00:12:13,710]-[main] INFO  Exposed - Extracting table columns took 46ms
[2025-04-13 00:12:13,753]-[main] INFO  Exposed - Extracting primary keys took 43ms
[2025-04-13 00:12:14,106]-[main] INFO  Exposed - Extracting column constraints took 352ms
[2025-04-13 00:12:14,106]-[main] INFO  Exposed - Preparing alter table statements took 442ms
[2025-04-13 00:12:14,149]-[main] INFO  Exposed - Executing alter table statements took 43ms
[2025-04-13 00:12:14,281]-[main] INFO  Exposed - Checking mapping consistence took 131ms
[2025-04-13 00:12:14,342]-[main] INFO  Exposed - Preparing create tables statements took 44ms
[2025-04-13 00:12:14,384]-[main] INFO  Exposed - Executing create tables statements took 42ms
[2025-04-13 00:12:14,430]-[main] INFO  Exposed - Extracting table columns took 46ms
[2025-04-13 00:12:14,474]-[main] INFO  Exposed - Extracting primary keys took 44ms
[2025-04-13 00:12:14,586]-[main] INFO  Exposed - Extracting column constraints took 112ms
[2025-04-13 00:12:14,586]-[main] INFO  Exposed - Preparing alter table statements took 202ms
[2025-04-13 00:12:14,629]-[main] INFO  Exposed - Executing alter table statements took 43ms
[2025-04-13 00:12:14,760]-[main] INFO  Exposed - Checking mapping consistence took 131ms
[2025-04-13 00:12:14,807]-[main] INFO  Exposed - Preparing create tables statements took 44ms
[2025-04-13 00:12:14,851]-[main] INFO  Exposed - Executing create tables statements took 44ms
[2025-04-13 00:12:14,896]-[main] INFO  Exposed - Extracting table columns took 45ms
[2025-04-13 00:12:14,950]-[main] INFO  Exposed - Extracting primary keys took 54ms
[2025-04-13 00:12:15,063]-[main] INFO  Exposed - Extracting column constraints took 111ms
[2025-04-13 00:12:15,063]-[main] INFO  Exposed - Preparing alter table statements took 212ms
[2025-04-13 00:12:15,106]-[main] INFO  Exposed - Executing alter table statements took 43ms
[2025-04-13 00:12:15,238]-[main] INFO  Exposed - Checking mapping consistence took 132ms
[2025-04-13 00:12:15,284]-[main] INFO  Exposed - Preparing create tables statements took 44ms
[2025-04-13 00:12:15,325]-[main] INFO  Exposed - Executing create tables statements took 41ms
[2025-04-13 00:12:15,371]-[main] INFO  Exposed - Extracting table columns took 45ms
[2025-04-13 00:12:15,415]-[main] INFO  Exposed - Extracting primary keys took 44ms
[2025-04-13 00:12:15,541]-[main] INFO  Exposed - Extracting column constraints took 125ms
[2025-04-13 00:12:15,541]-[main] INFO  Exposed - Preparing alter table statements took 215ms
[2025-04-13 00:12:15,583]-[main] INFO  Exposed - Executing alter table statements took 42ms
[2025-04-13 00:12:15,713]-[main] INFO  Exposed - Checking mapping consistence took 130ms
[2025-04-13 00:12:15,758]-[main] INFO  Exposed - Preparing create tables statements took 43ms
[2025-04-13 00:12:15,800]-[main] INFO  Exposed - Executing create tables statements took 41ms
[2025-04-13 00:12:15,846]-[main] INFO  Exposed - Extracting table columns took 45ms
[2025-04-13 00:12:15,889]-[main] INFO  Exposed - Extracting primary keys took 43ms
[2025-04-13 00:12:16,797]-[main] INFO  Exposed - Extracting column constraints took 907ms
[2025-04-13 00:12:16,798]-[main] INFO  Exposed - Preparing alter table statements took 997ms
[2025-04-13 00:12:16,840]-[main] INFO  Exposed - Executing alter table statements took 42ms
[2025-04-13 00:12:16,976]-[main] INFO  Exposed - Checking mapping consistence took 135ms
[2025-04-13 00:12:17,021]-[main] INFO  Exposed - Preparing create tables statements took 44ms
[2025-04-13 00:12:17,064]-[main] INFO  Exposed - Executing create tables statements took 43ms
[2025-04-13 00:12:17,109]-[main] INFO  Exposed - Extracting table columns took 45ms
[2025-04-13 00:12:17,153]-[main] INFO  Exposed - Extracting primary keys took 44ms
[2025-04-13 00:12:18,058]-[main] INFO  Exposed - Extracting column constraints took 887ms
[2025-04-13 00:12:18,058]-[main] INFO  Exposed - Preparing alter table statements took 994ms
[2025-04-13 00:12:18,105]-[main] INFO  Exposed - Executing alter table statements took 46ms
[2025-04-13 00:12:18,240]-[main] INFO  Exposed - Checking mapping consistence took 134ms
[2025-04-13 00:12:18,286]-[main] INFO  Exposed - Preparing create tables statements took 45ms
[2025-04-13 00:12:18,329]-[main] INFO  Exposed - Executing create tables statements took 43ms
[2025-04-13 00:12:18,374]-[main] INFO  Exposed - Extracting table columns took 45ms
[2025-04-13 00:12:18,418]-[main] INFO  Exposed - Extracting primary keys took 44ms
[2025-04-13 00:12:18,534]-[main] INFO  Exposed - Extracting column constraints took 116ms
[2025-04-13 00:12:18,534]-[main] INFO  Exposed - Preparing alter table statements took 205ms
[2025-04-13 00:12:18,577]-[main] INFO  Exposed - Executing alter table statements took 43ms
[2025-04-13 00:12:18,708]-[main] INFO  Exposed - Checking mapping consistence took 131ms
[2025-04-13 00:12:18,754]-[main] INFO  Exposed - Preparing create tables statements took 43ms
[2025-04-13 00:12:18,796]-[main] INFO  Exposed - Executing create tables statements took 42ms
[2025-04-13 00:12:18,841]-[main] INFO  Exposed - Extracting table columns took 45ms
[2025-04-13 00:12:18,885]-[main] INFO  Exposed - Extracting primary keys took 43ms
[2025-04-13 00:12:19,988]-[main] INFO  Exposed - Extracting column constraints took 1103ms
[2025-04-13 00:12:19,988]-[main] INFO  Exposed - Preparing alter table statements took 1192ms
[2025-04-13 00:12:20,030]-[main] INFO  Exposed - Executing alter table statements took 42ms
[2025-04-13 00:12:20,161]-[main] INFO  Exposed - Checking mapping consistence took 131ms
[2025-04-13 00:12:20,207]-[main] INFO  Exposed - Preparing create tables statements took 46ms
[2025-04-13 00:12:20,276]-[main] INFO  Exposed - Executing create tables statements took 44ms
[2025-04-13 00:12:20,322]-[main] INFO  Exposed - Extracting table columns took 44ms
[2025-04-13 00:12:20,368]-[main] INFO  Exposed - Extracting primary keys took 45ms
[2025-04-13 00:12:20,479]-[main] INFO  Exposed - Extracting column constraints took 111ms
[2025-04-13 00:12:20,480]-[main] INFO  Exposed - Preparing alter table statements took 202ms
[2025-04-13 00:12:20,523]-[main] INFO  Exposed - Executing alter table statements took 43ms
[2025-04-13 00:12:20,653]-[main] INFO  Exposed - Checking mapping consistence took 130ms
[2025-04-13 00:12:20,702]-[main] INFO  Exposed - Preparing create tables statements took 44ms
[2025-04-13 00:12:20,745]-[main] INFO  Exposed - Executing create tables statements took 43ms
[2025-04-13 00:12:20,791]-[main] INFO  Exposed - Extracting table columns took 46ms
[2025-04-13 00:12:20,835]-[main] INFO  Exposed - Extracting primary keys took 44ms
[2025-04-13 00:12:21,054]-[main] INFO  Exposed - Extracting column constraints took 219ms
[2025-04-13 00:12:21,054]-[main] INFO  Exposed - Preparing alter table statements took 309ms
[2025-04-13 00:12:21,097]-[main] INFO  Exposed - Executing alter table statements took 43ms
[2025-04-13 00:12:21,227]-[main] INFO  Exposed - Checking mapping consistence took 130ms
[2025-04-13 00:12:21,272]-[main] INFO  Exposed - Preparing create tables statements took 44ms
[2025-04-13 00:12:21,314]-[main] INFO  Exposed - Executing create tables statements took 42ms
[2025-04-13 00:12:21,359]-[main] INFO  Exposed - Extracting table columns took 45ms
[2025-04-13 00:12:21,403]-[main] INFO  Exposed - Extracting primary keys took 44ms
[2025-04-13 00:12:22,174]-[main] INFO  Exposed - Extracting column constraints took 771ms
[2025-04-13 00:12:22,174]-[main] INFO  Exposed - Preparing alter table statements took 860ms
[2025-04-13 00:12:22,217]-[main] INFO  Exposed - Executing alter table statements took 43ms
[2025-04-13 00:12:22,347]-[main] INFO  Exposed - Checking mapping consistence took 130ms
[2025-04-13 00:12:23,432]-[main] INFO  Exposed - Preparing create tables statements took 202ms
[2025-04-13 00:12:23,471]-[main] INFO  Exposed - Executing create tables statements took 39ms
[2025-04-13 00:12:23,517]-[main] INFO  Exposed - Extracting table columns took 46ms
[2025-04-13 00:12:23,561]-[main] INFO  Exposed - Extracting primary keys took 44ms
[2025-04-13 00:12:23,753]-[main] INFO  Exposed - Extracting column constraints took 191ms
[2025-04-13 00:12:23,753]-[main] INFO  Exposed - Preparing alter table statements took 282ms
[2025-04-13 00:12:23,791]-[main] INFO  Exposed - Executing alter table statements took 38ms
[2025-04-13 00:12:23,910]-[main] INFO  Exposed - Checking mapping consistence took 119ms
[2025-04-13 00:12:23,964]-[main] INFO  Exposed - Preparing create tables statements took 42ms
[2025-04-13 00:12:24,001]-[main] INFO  Exposed - Executing create tables statements took 37ms
[2025-04-13 00:12:24,042]-[main] INFO  Exposed - Extracting table columns took 41ms
[2025-04-13 00:12:24,083]-[main] INFO  Exposed - Extracting primary keys took 41ms
[2025-04-13 00:12:24,215]-[main] INFO  Exposed - Extracting column constraints took 131ms
[2025-04-13 00:12:24,215]-[main] INFO  Exposed - Preparing alter table statements took 214ms
[2025-04-13 00:12:24,253]-[main] INFO  Exposed - Executing alter table statements took 38ms
[2025-04-13 00:12:24,371]-[main] INFO  Exposed - Checking mapping consistence took 118ms
[2025-04-13 00:12:24,412]-[main] INFO  Exposed - Preparing create tables statements took 40ms
[2025-04-13 00:12:24,450]-[main] INFO  Exposed - Executing create tables statements took 38ms
[2025-04-13 00:12:24,491]-[main] INFO  Exposed - Extracting table columns took 41ms
[2025-04-13 00:12:24,530]-[main] INFO  Exposed - Extracting primary keys took 39ms
[2025-04-13 00:12:24,660]-[main] INFO  Exposed - Extracting column constraints took 128ms
[2025-04-13 00:12:24,660]-[main] INFO  Exposed - Preparing alter table statements took 210ms
[2025-04-13 00:12:24,698]-[main] INFO  Exposed - Executing alter table statements took 38ms
[2025-04-13 00:12:24,819]-[main] INFO  Exposed - Checking mapping consistence took 121ms
[2025-04-13 00:12:24,865]-[main] INFO  Exposed - Preparing create tables statements took 44ms
[2025-04-13 00:12:24,909]-[main] INFO  Exposed - Executing create tables statements took 44ms
[2025-04-13 00:12:24,957]-[main] INFO  Exposed - Extracting table columns took 44ms
[2025-04-13 00:12:24,996]-[main] INFO  Exposed - Extracting primary keys took 38ms
[2025-04-13 00:12:25,254]-[main] INFO  Exposed - Extracting column constraints took 257ms
[2025-04-13 00:12:25,254]-[main] INFO  Exposed - Preparing alter table statements took 341ms
[2025-04-13 00:12:25,290]-[main] INFO  Exposed - Executing alter table statements took 36ms
[2025-04-13 00:12:25,407]-[main] INFO  Exposed - Checking mapping consistence took 116ms
[2025-04-13 00:12:25,448]-[main] INFO  Exposed - Preparing create tables statements took 40ms
[2025-04-13 00:12:25,486]-[main] INFO  Exposed - Executing create tables statements took 38ms
[2025-04-13 00:12:25,529]-[main] INFO  Exposed - Extracting table columns took 43ms
[2025-04-13 00:12:25,568]-[main] INFO  Exposed - Extracting primary keys took 39ms
[2025-04-13 00:12:25,822]-[main] INFO  Exposed - Extracting column constraints took 253ms
[2025-04-13 00:12:25,822]-[main] INFO  Exposed - Preparing alter table statements took 336ms
[2025-04-13 00:12:25,861]-[main] INFO  Exposed - Executing alter table statements took 38ms
[2025-04-13 00:12:25,980]-[main] INFO  Exposed - Checking mapping consistence took 119ms
[2025-04-13 00:12:26,021]-[main] INFO  Exposed - Preparing create tables statements took 39ms
[2025-04-13 00:12:26,077]-[main] INFO  Exposed - Executing create tables statements took 37ms
[2025-04-13 00:12:26,123]-[main] INFO  Exposed - Extracting table columns took 43ms
[2025-04-13 00:12:26,163]-[main] INFO  Exposed - Extracting primary keys took 40ms
[2025-04-13 00:12:26,416]-[main] INFO  Exposed - Extracting column constraints took 252ms
[2025-04-13 00:12:26,416]-[main] INFO  Exposed - Preparing alter table statements took 336ms
[2025-04-13 00:12:26,453]-[main] INFO  Exposed - Executing alter table statements took 37ms
[2025-04-13 00:12:26,580]-[main] INFO  Exposed - Checking mapping consistence took 127ms
[2025-04-13 00:12:26,621]-[main] INFO  Exposed - Preparing create tables statements took 39ms
[2025-04-13 00:12:26,660]-[main] INFO  Exposed - Executing create tables statements took 39ms
[2025-04-13 00:12:26,701]-[main] INFO  Exposed - Extracting table columns took 41ms
[2025-04-13 00:12:26,740]-[main] INFO  Exposed - Extracting primary keys took 39ms
[2025-04-13 00:12:27,127]-[main] INFO  Exposed - Extracting column constraints took 387ms
[2025-04-13 00:12:27,127]-[main] INFO  Exposed - Preparing alter table statements took 467ms
[2025-04-13 00:12:27,163]-[main] INFO  Exposed - Executing alter table statements took 36ms
[2025-04-13 00:12:27,282]-[main] INFO  Exposed - Checking mapping consistence took 119ms
[2025-04-13 00:12:27,323]-[main] INFO  Exposed - Preparing create tables statements took 40ms
[2025-04-13 00:12:27,361]-[main] INFO  Exposed - Executing create tables statements took 37ms
[2025-04-13 00:12:27,404]-[main] INFO  Exposed - Extracting table columns took 43ms
[2025-04-13 00:12:27,446]-[main] INFO  Exposed - Extracting primary keys took 42ms
[2025-04-13 00:12:27,700]-[main] INFO  Exposed - Extracting column constraints took 253ms
[2025-04-13 00:12:27,700]-[main] INFO  Exposed - Preparing alter table statements took 339ms
[2025-04-13 00:12:27,746]-[main] INFO  Exposed - Executing alter table statements took 45ms
[2025-04-13 00:12:27,866]-[main] INFO  Exposed - Checking mapping consistence took 120ms
[2025-04-13 00:12:28,433]-[main] INFO  [Koin] - Started 36 definitions in 23.216 ms
[2025-04-13 00:12:29,456]-[main] INFO  Application - Application started in 40.296 seconds.
[2025-04-13 00:12:29,457]-[main] INFO  Application - Application started: io.ktor.server.application.Application@16f0ec18
[2025-04-13 00:12:30,243]-[DefaultDispatcher-worker-1 @coroutine#1] INFO  Application - Responding at http://localhost:8080
[2025-04-13 00:13:47,894]-[eventLoopGroupProxy-4-1 @call-handler#4] INFO  Application - [31m400 Bad Request[m: [36mPOST[m - /v1/auth/login in 484ms
[2025-04-13 00:20:33,467]-[eventLoopGroupProxy-4-2 @call-handler#7] INFO  Application - [31m400 Bad Request[m: [36mPOST[m - /v1/auth/login in 20ms
[2025-04-13 00:21:02,708]-[eventLoopGroupProxy-4-2 @call-handler#8] INFO  Application - [31m400 Bad Request[m: [36mPOST[m - /v1/auth/login in 2ms
[2025-04-13 00:21:10,846]-[eventLoopGroupProxy-4-2 @call-handler#9] INFO  Application - [31m400 Bad Request[m: [36mPOST[m - /v1/auth/login in 1ms
[2025-04-13 00:21:20,206]-[eventLoopGroupProxy-4-2 @call-handler#10] INFO  Application - [31m400 Bad Request[m: [36mPOST[m - /v1/auth/login in 4ms
[2025-04-13 00:21:32,430]-[eventLoopGroupProxy-4-2 @call-handler#11] INFO  Application - [31m400 Bad Request[m: [36mPOST[m - /v1/auth/login in 3ms
[2025-04-13 00:21:34,674]-[eventLoopGroupProxy-4-2 @call-handler#12] INFO  Application - [31m400 Bad Request[m: [36mPOST[m - /v1/auth/login in 2ms
[2025-04-13 00:21:45,177]-[eventLoopGroupProxy-4-2 @call-handler#13] INFO  Application - [31m400 Bad Request[m: [36mPOST[m - /v1/auth/login in 2ms
[2025-04-13 00:21:50,166]-[eventLoopGroupProxy-4-2 @call-handler#14] INFO  Application - [31m400 Bad Request[m: [36mPOST[m - /v1/auth/login in 2ms
[2025-04-13 00:21:52,672]-[eventLoopGroupProxy-4-2 @call-handler#15] INFO  Application - [31m400 Bad Request[m: [36mPOST[m - /v1/auth/login in 1ms
[2025-04-13 00:22:05,331]-[main] INFO  Application - Autoreload is disabled because the development mode is off.
[2025-04-13 00:22:07,661]-[main] INFO  Exposed - Preparing create tables statements took 255ms
[2025-04-13 00:22:07,708]-[main] INFO  Exposed - Executing create tables statements took 46ms
[2025-04-13 00:22:07,774]-[main] INFO  Exposed - Extracting table columns took 66ms
[2025-04-13 00:22:08,014]-[main] INFO  Exposed - Extracting primary keys took 240ms
[2025-04-13 00:22:08,186]-[main] INFO  Exposed - Extracting column constraints took 167ms
[2025-04-13 00:22:08,186]-[main] INFO  Exposed - Preparing alter table statements took 478ms
[2025-04-13 00:22:08,224]-[main] INFO  Exposed - Executing alter table statements took 37ms
[2025-04-13 00:22:08,357]-[main] INFO  Exposed - Checking mapping consistence took 132ms
[2025-04-13 00:22:08,404]-[main] INFO  Exposed - Preparing create tables statements took 43ms
[2025-04-13 00:22:08,443]-[main] INFO  Exposed - Executing create tables statements took 38ms
[2025-04-13 00:22:08,489]-[main] INFO  Exposed - Extracting table columns took 46ms
[2025-04-13 00:22:08,529]-[main] INFO  Exposed - Extracting primary keys took 39ms
[2025-04-13 00:22:08,630]-[main] INFO  Exposed - Extracting column constraints took 100ms
[2025-04-13 00:22:08,631]-[main] INFO  Exposed - Preparing alter table statements took 188ms
[2025-04-13 00:22:08,669]-[main] INFO  Exposed - Executing alter table statements took 38ms
[2025-04-13 00:22:08,790]-[main] INFO  Exposed - Checking mapping consistence took 121ms
[2025-04-13 00:22:08,862]-[main] INFO  Exposed - Preparing create tables statements took 45ms
[2025-04-13 00:22:08,900]-[main] INFO  Exposed - Executing create tables statements took 37ms
[2025-04-13 00:22:08,945]-[main] INFO  Exposed - Extracting table columns took 45ms
[2025-04-13 00:22:08,986]-[main] INFO  Exposed - Extracting primary keys took 41ms
[2025-04-13 00:22:09,628]-[main] INFO  Exposed - Extracting column constraints took 641ms
[2025-04-13 00:22:09,629]-[main] INFO  Exposed - Preparing alter table statements took 729ms
[2025-04-13 00:22:09,667]-[main] INFO  Exposed - Executing alter table statements took 38ms
[2025-04-13 00:22:09,786]-[main] INFO  Exposed - Checking mapping consistence took 118ms
[2025-04-13 00:22:09,830]-[main] INFO  Exposed - Preparing create tables statements took 43ms
[2025-04-13 00:22:09,867]-[main] INFO  Exposed - Executing create tables statements took 37ms
[2025-04-13 00:22:09,907]-[main] INFO  Exposed - Extracting table columns took 40ms
[2025-04-13 00:22:09,945]-[main] INFO  Exposed - Extracting primary keys took 38ms
[2025-04-13 00:22:10,259]-[main] INFO  Exposed - Extracting column constraints took 313ms
[2025-04-13 00:22:10,259]-[main] INFO  Exposed - Preparing alter table statements took 392ms
[2025-04-13 00:22:10,296]-[main] INFO  Exposed - Executing alter table statements took 37ms
[2025-04-13 00:22:10,409]-[main] INFO  Exposed - Checking mapping consistence took 113ms
[2025-04-13 00:22:10,455]-[main] INFO  Exposed - Preparing create tables statements took 42ms
[2025-04-13 00:22:10,493]-[main] INFO  Exposed - Executing create tables statements took 37ms
[2025-04-13 00:22:10,537]-[main] INFO  Exposed - Extracting table columns took 43ms
[2025-04-13 00:22:10,577]-[main] INFO  Exposed - Extracting primary keys took 40ms
[2025-04-13 00:22:11,218]-[main] INFO  Exposed - Extracting column constraints took 636ms
[2025-04-13 00:22:11,218]-[main] INFO  Exposed - Preparing alter table statements took 724ms
[2025-04-13 00:22:11,257]-[main] INFO  Exposed - Executing alter table statements took 38ms
[2025-04-13 00:22:11,377]-[main] INFO  Exposed - Checking mapping consistence took 120ms
[2025-04-13 00:22:11,424]-[main] INFO  Exposed - Preparing create tables statements took 41ms
[2025-04-13 00:22:11,461]-[main] INFO  Exposed - Executing create tables statements took 37ms
[2025-04-13 00:22:11,505]-[main] INFO  Exposed - Extracting table columns took 43ms
[2025-04-13 00:22:11,544]-[main] INFO  Exposed - Extracting primary keys took 39ms
[2025-04-13 00:22:12,441]-[main] INFO  Exposed - Extracting column constraints took 896ms
[2025-04-13 00:22:12,442]-[main] INFO  Exposed - Preparing alter table statements took 980ms
[2025-04-13 00:22:12,482]-[main] INFO  Exposed - Executing alter table statements took 39ms
[2025-04-13 00:22:12,601]-[main] INFO  Exposed - Checking mapping consistence took 118ms
[2025-04-13 00:22:12,643]-[main] INFO  Exposed - Preparing create tables statements took 41ms
[2025-04-13 00:22:12,682]-[main] INFO  Exposed - Executing create tables statements took 38ms
[2025-04-13 00:22:12,722]-[main] INFO  Exposed - Extracting table columns took 40ms
[2025-04-13 00:22:12,764]-[main] INFO  Exposed - Extracting primary keys took 41ms
[2025-04-13 00:22:12,989]-[main] INFO  Exposed - Extracting column constraints took 225ms
[2025-04-13 00:22:12,990]-[main] INFO  Exposed - Preparing alter table statements took 308ms
[2025-04-13 00:22:13,029]-[main] INFO  Exposed - Executing alter table statements took 39ms
[2025-04-13 00:22:13,156]-[main] INFO  Exposed - Checking mapping consistence took 126ms
[2025-04-13 00:22:13,199]-[main] INFO  Exposed - Preparing create tables statements took 43ms
[2025-04-13 00:22:13,236]-[main] INFO  Exposed - Executing create tables statements took 37ms
[2025-04-13 00:22:13,277]-[main] INFO  Exposed - Extracting table columns took 41ms
[2025-04-13 00:22:13,328]-[main] INFO  Exposed - Extracting primary keys took 50ms
[2025-04-13 00:22:13,543]-[main] INFO  Exposed - Extracting column constraints took 214ms
[2025-04-13 00:22:13,545]-[main] INFO  Exposed - Preparing alter table statements took 309ms
[2025-04-13 00:22:13,584]-[main] INFO  Exposed - Executing alter table statements took 39ms
[2025-04-13 00:22:13,701]-[main] INFO  Exposed - Checking mapping consistence took 115ms
[2025-04-13 00:22:13,743]-[main] INFO  Exposed - Preparing create tables statements took 40ms
[2025-04-13 00:22:13,781]-[main] INFO  Exposed - Executing create tables statements took 38ms
[2025-04-13 00:22:13,824]-[main] INFO  Exposed - Extracting table columns took 43ms
[2025-04-13 00:22:13,864]-[main] INFO  Exposed - Extracting primary keys took 40ms
[2025-04-13 00:22:14,178]-[main] INFO  Exposed - Extracting column constraints took 313ms
[2025-04-13 00:22:14,179]-[main] INFO  Exposed - Preparing alter table statements took 398ms
[2025-04-13 00:22:14,217]-[main] INFO  Exposed - Executing alter table statements took 38ms
[2025-04-13 00:22:14,332]-[main] INFO  Exposed - Checking mapping consistence took 115ms
[2025-04-13 00:22:14,375]-[main] INFO  Exposed - Preparing create tables statements took 43ms
[2025-04-13 00:22:14,412]-[main] INFO  Exposed - Executing create tables statements took 36ms
[2025-04-13 00:22:14,451]-[main] INFO  Exposed - Extracting table columns took 38ms
[2025-04-13 00:22:14,491]-[main] INFO  Exposed - Extracting primary keys took 39ms
[2025-04-13 00:22:14,696]-[main] INFO  Exposed - Extracting column constraints took 204ms
[2025-04-13 00:22:14,697]-[main] INFO  Exposed - Preparing alter table statements took 284ms
[2025-04-13 00:22:14,735]-[main] INFO  Exposed - Executing alter table statements took 37ms
[2025-04-13 00:22:14,852]-[main] INFO  Exposed - Checking mapping consistence took 116ms
[2025-04-13 00:22:14,892]-[main] INFO  Exposed - Preparing create tables statements took 38ms
[2025-04-13 00:22:14,928]-[main] INFO  Exposed - Executing create tables statements took 36ms
[2025-04-13 00:22:14,970]-[main] INFO  Exposed - Extracting table columns took 41ms
[2025-04-13 00:22:15,008]-[main] INFO  Exposed - Extracting primary keys took 38ms
[2025-04-13 00:22:15,218]-[main] INFO  Exposed - Extracting column constraints took 209ms
[2025-04-13 00:22:15,219]-[main] INFO  Exposed - Preparing alter table statements took 290ms
[2025-04-13 00:22:15,281]-[main] INFO  Exposed - Executing alter table statements took 43ms
[2025-04-13 00:22:15,403]-[main] INFO  Exposed - Checking mapping consistence took 114ms
[2025-04-13 00:22:15,443]-[main] INFO  Exposed - Preparing create tables statements took 38ms
[2025-04-13 00:22:15,480]-[main] INFO  Exposed - Executing create tables statements took 36ms
[2025-04-13 00:22:15,521]-[main] INFO  Exposed - Extracting table columns took 41ms
[2025-04-13 00:22:15,561]-[main] INFO  Exposed - Extracting primary keys took 40ms
[2025-04-13 00:22:16,106]-[main] INFO  Exposed - Extracting column constraints took 543ms
[2025-04-13 00:22:16,107]-[main] INFO  Exposed - Preparing alter table statements took 627ms
[2025-04-13 00:22:16,145]-[main] INFO  Exposed - Executing alter table statements took 38ms
[2025-04-13 00:22:16,263]-[main] INFO  Exposed - Checking mapping consistence took 117ms
[2025-04-13 00:22:16,307]-[main] INFO  Exposed - Preparing create tables statements took 41ms
[2025-04-13 00:22:16,344]-[main] INFO  Exposed - Executing create tables statements took 36ms
[2025-04-13 00:22:16,384]-[main] INFO  Exposed - Extracting table columns took 39ms
[2025-04-13 00:22:16,423]-[main] INFO  Exposed - Extracting primary keys took 38ms
[2025-04-13 00:22:16,734]-[main] INFO  Exposed - Extracting column constraints took 311ms
[2025-04-13 00:22:16,735]-[main] INFO  Exposed - Preparing alter table statements took 390ms
[2025-04-13 00:22:16,774]-[main] INFO  Exposed - Executing alter table statements took 38ms
[2025-04-13 00:22:16,892]-[main] INFO  Exposed - Checking mapping consistence took 118ms
[2025-04-13 00:22:16,934]-[main] INFO  Exposed - Preparing create tables statements took 41ms
[2025-04-13 00:22:16,971]-[main] INFO  Exposed - Executing create tables statements took 36ms
[2025-04-13 00:22:17,012]-[main] INFO  Exposed - Extracting table columns took 40ms
[2025-04-13 00:22:17,051]-[main] INFO  Exposed - Extracting primary keys took 39ms
[2025-04-13 00:22:17,154]-[main] INFO  Exposed - Extracting column constraints took 103ms
[2025-04-13 00:22:17,155]-[main] INFO  Exposed - Preparing alter table statements took 182ms
[2025-04-13 00:22:17,194]-[main] INFO  Exposed - Executing alter table statements took 39ms
[2025-04-13 00:22:17,312]-[main] INFO  Exposed - Checking mapping consistence took 118ms
[2025-04-13 00:22:17,352]-[main] INFO  Exposed - Preparing create tables statements took 38ms
[2025-04-13 00:22:17,389]-[main] INFO  Exposed - Executing create tables statements took 36ms
[2025-04-13 00:22:17,430]-[main] INFO  Exposed - Extracting table columns took 41ms
[2025-04-13 00:22:17,469]-[main] INFO  Exposed - Extracting primary keys took 38ms
[2025-04-13 00:22:17,788]-[main] INFO  Exposed - Extracting column constraints took 317ms
[2025-04-13 00:22:17,789]-[main] INFO  Exposed - Preparing alter table statements took 400ms
[2025-04-13 00:22:17,828]-[main] INFO  Exposed - Executing alter table statements took 39ms
[2025-04-13 00:22:17,946]-[main] INFO  Exposed - Checking mapping consistence took 118ms
[2025-04-13 00:22:17,997]-[main] INFO  Exposed - Preparing create tables statements took 40ms
[2025-04-13 00:22:18,035]-[main] INFO  Exposed - Executing create tables statements took 37ms
[2025-04-13 00:22:18,077]-[main] INFO  Exposed - Extracting table columns took 41ms
[2025-04-13 00:22:18,116]-[main] INFO  Exposed - Extracting primary keys took 38ms
[2025-04-13 00:22:18,739]-[main] INFO  Exposed - Extracting column constraints took 622ms
[2025-04-13 00:22:18,740]-[main] INFO  Exposed - Preparing alter table statements took 704ms
[2025-04-13 00:22:18,779]-[main] INFO  Exposed - Executing alter table statements took 38ms
[2025-04-13 00:22:18,897]-[main] INFO  Exposed - Checking mapping consistence took 117ms
[2025-04-13 00:22:18,937]-[main] INFO  Exposed - Preparing create tables statements took 40ms
[2025-04-13 00:22:18,975]-[main] INFO  Exposed - Executing create tables statements took 36ms
[2025-04-13 00:22:19,015]-[main] INFO  Exposed - Extracting table columns took 40ms
[2025-04-13 00:22:19,054]-[main] INFO  Exposed - Extracting primary keys took 39ms
[2025-04-13 00:22:19,161]-[main] INFO  Exposed - Extracting column constraints took 106ms
[2025-04-13 00:22:19,162]-[main] INFO  Exposed - Preparing alter table statements took 187ms
[2025-04-13 00:22:19,200]-[main] INFO  Exposed - Executing alter table statements took 38ms
[2025-04-13 00:22:19,314]-[main] INFO  Exposed - Checking mapping consistence took 114ms
[2025-04-13 00:22:19,354]-[main] INFO  Exposed - Preparing create tables statements took 40ms
[2025-04-13 00:22:19,391]-[main] INFO  Exposed - Executing create tables statements took 37ms
[2025-04-13 00:22:19,432]-[main] INFO  Exposed - Extracting table columns took 40ms
[2025-04-13 00:22:19,471]-[main] INFO  Exposed - Extracting primary keys took 39ms
[2025-04-13 00:22:19,710]-[main] INFO  Exposed - Extracting column constraints took 237ms
[2025-04-13 00:22:19,711]-[main] INFO  Exposed - Preparing alter table statements took 319ms
[2025-04-13 00:22:19,749]-[main] INFO  Exposed - Executing alter table statements took 38ms
[2025-04-13 00:22:19,863]-[main] INFO  Exposed - Checking mapping consistence took 114ms
[2025-04-13 00:22:19,907]-[main] INFO  Exposed - Preparing create tables statements took 41ms
[2025-04-13 00:22:19,944]-[main] INFO  Exposed - Executing create tables statements took 37ms
[2025-04-13 00:22:19,985]-[main] INFO  Exposed - Extracting table columns took 40ms
[2025-04-13 00:22:20,023]-[main] INFO  Exposed - Extracting primary keys took 37ms
[2025-04-13 00:22:20,532]-[main] INFO  Exposed - Extracting column constraints took 508ms
[2025-04-13 00:22:20,533]-[main] INFO  Exposed - Preparing alter table statements took 588ms
[2025-04-13 00:22:20,571]-[main] INFO  Exposed - Executing alter table statements took 38ms
[2025-04-13 00:22:20,688]-[main] INFO  Exposed - Checking mapping consistence took 116ms
[2025-04-13 00:22:20,730]-[main] INFO  Exposed - Preparing create tables statements took 40ms
[2025-04-13 00:22:20,767]-[main] INFO  Exposed - Executing create tables statements took 37ms
[2025-04-13 00:22:20,810]-[main] INFO  Exposed - Extracting table columns took 42ms
[2025-04-13 00:22:20,850]-[main] INFO  Exposed - Extracting primary keys took 39ms
[2025-04-13 00:22:21,279]-[main] INFO  Exposed - Extracting column constraints took 428ms
[2025-04-13 00:22:21,280]-[main] INFO  Exposed - Preparing alter table statements took 512ms
[2025-04-13 00:22:21,328]-[main] INFO  Exposed - Executing alter table statements took 48ms
[2025-04-13 00:22:21,458]-[main] INFO  Exposed - Checking mapping consistence took 130ms
[2025-04-13 00:22:21,498]-[main] INFO  Exposed - Preparing create tables statements took 39ms
[2025-04-13 00:22:21,534]-[main] INFO  Exposed - Executing create tables statements took 36ms
[2025-04-13 00:22:21,574]-[main] INFO  Exposed - Extracting table columns took 39ms
[2025-04-13 00:22:21,614]-[main] INFO  Exposed - Extracting primary keys took 39ms
[2025-04-13 00:22:21,720]-[main] INFO  Exposed - Extracting column constraints took 106ms
[2025-04-13 00:22:21,720]-[main] INFO  Exposed - Preparing alter table statements took 185ms
[2025-04-13 00:22:21,758]-[main] INFO  Exposed - Executing alter table statements took 37ms
[2025-04-13 00:22:21,874]-[main] INFO  Exposed - Checking mapping consistence took 115ms
[2025-04-13 00:22:21,916]-[main] INFO  Exposed - Preparing create tables statements took 40ms
[2025-04-13 00:22:21,953]-[main] INFO  Exposed - Executing create tables statements took 37ms
[2025-04-13 00:22:21,994]-[main] INFO  Exposed - Extracting table columns took 40ms
[2025-04-13 00:22:22,034]-[main] INFO  Exposed - Extracting primary keys took 40ms
[2025-04-13 00:22:22,661]-[main] INFO  Exposed - Extracting column constraints took 626ms
[2025-04-13 00:22:22,662]-[main] INFO  Exposed - Preparing alter table statements took 707ms
[2025-04-13 00:22:22,699]-[main] INFO  Exposed - Executing alter table statements took 37ms
[2025-04-13 00:22:22,813]-[main] INFO  Exposed - Checking mapping consistence took 113ms
[2025-04-13 00:22:22,856]-[main] INFO  Exposed - Preparing create tables statements took 42ms
[2025-04-13 00:22:22,895]-[main] INFO  Exposed - Executing create tables statements took 39ms
[2025-04-13 00:22:22,935]-[main] INFO  Exposed - Extracting table columns took 40ms
[2025-04-13 00:22:22,975]-[main] INFO  Exposed - Extracting primary keys took 40ms
[2025-04-13 00:22:23,278]-[main] INFO  Exposed - Extracting column constraints took 303ms
[2025-04-13 00:22:23,279]-[main] INFO  Exposed - Preparing alter table statements took 384ms
[2025-04-13 00:22:23,317]-[main] INFO  Exposed - Executing alter table statements took 38ms
[2025-04-13 00:22:23,433]-[main] INFO  Exposed - Checking mapping consistence took 116ms
[2025-04-13 00:22:23,478]-[main] INFO  Exposed - Preparing create tables statements took 40ms
[2025-04-13 00:22:23,515]-[main] INFO  Exposed - Executing create tables statements took 37ms
[2025-04-13 00:22:23,556]-[main] INFO  Exposed - Extracting table columns took 41ms
[2025-04-13 00:22:23,595]-[main] INFO  Exposed - Extracting primary keys took 38ms
[2025-04-13 00:22:23,900]-[main] INFO  Exposed - Extracting column constraints took 305ms
[2025-04-13 00:22:23,901]-[main] INFO  Exposed - Preparing alter table statements took 386ms
[2025-04-13 00:22:23,939]-[main] INFO  Exposed - Executing alter table statements took 38ms
[2025-04-13 00:22:24,055]-[main] INFO  Exposed - Checking mapping consistence took 115ms
[2025-04-13 00:22:24,105]-[main] INFO  Exposed - Preparing create tables statements took 40ms
[2025-04-13 00:22:24,142]-[main] INFO  Exposed - Executing create tables statements took 37ms
[2025-04-13 00:22:24,185]-[main] INFO  Exposed - Extracting table columns took 42ms
[2025-04-13 00:22:24,225]-[main] INFO  Exposed - Extracting primary keys took 40ms
[2025-04-13 00:22:24,328]-[main] INFO  Exposed - Extracting column constraints took 103ms
[2025-04-13 00:22:24,328]-[main] INFO  Exposed - Preparing alter table statements took 185ms
[2025-04-13 00:22:24,367]-[main] INFO  Exposed - Executing alter table statements took 39ms
[2025-04-13 00:22:24,485]-[main] INFO  Exposed - Checking mapping consistence took 118ms
[2025-04-13 00:22:24,530]-[main] INFO  Exposed - Preparing create tables statements took 39ms
[2025-04-13 00:22:24,566]-[main] INFO  Exposed - Executing create tables statements took 36ms
[2025-04-13 00:22:24,606]-[main] INFO  Exposed - Extracting table columns took 40ms
[2025-04-13 00:22:24,647]-[main] INFO  Exposed - Extracting primary keys took 40ms
[2025-04-13 00:22:24,948]-[main] INFO  Exposed - Extracting column constraints took 301ms
[2025-04-13 00:22:24,949]-[main] INFO  Exposed - Preparing alter table statements took 383ms
[2025-04-13 00:22:24,985]-[main] INFO  Exposed - Executing alter table statements took 36ms
[2025-04-13 00:22:25,098]-[main] INFO  Exposed - Checking mapping consistence took 113ms
[2025-04-13 00:22:25,137]-[main] INFO  Exposed - Preparing create tables statements took 37ms
[2025-04-13 00:22:25,174]-[main] INFO  Exposed - Executing create tables statements took 36ms
[2025-04-13 00:22:25,213]-[main] INFO  Exposed - Extracting table columns took 39ms
[2025-04-13 00:22:25,252]-[main] INFO  Exposed - Extracting primary keys took 38ms
[2025-04-13 00:22:25,355]-[main] INFO  Exposed - Extracting column constraints took 102ms
[2025-04-13 00:22:25,356]-[main] INFO  Exposed - Preparing alter table statements took 182ms
[2025-04-13 00:22:25,393]-[main] INFO  Exposed - Executing alter table statements took 37ms
[2025-04-13 00:22:25,507]-[main] INFO  Exposed - Checking mapping consistence took 113ms
[2025-04-13 00:22:25,547]-[main] INFO  Exposed - Preparing create tables statements took 38ms
[2025-04-13 00:22:25,583]-[main] INFO  Exposed - Executing create tables statements took 36ms
[2025-04-13 00:22:25,623]-[main] INFO  Exposed - Extracting table columns took 40ms
[2025-04-13 00:22:25,660]-[main] INFO  Exposed - Extracting primary keys took 37ms
[2025-04-13 00:22:25,763]-[main] INFO  Exposed - Extracting column constraints took 102ms
[2025-04-13 00:22:25,763]-[main] INFO  Exposed - Preparing alter table statements took 180ms
[2025-04-13 00:22:25,799]-[main] INFO  Exposed - Executing alter table statements took 36ms
[2025-04-13 00:22:25,911]-[main] INFO  Exposed - Checking mapping consistence took 112ms
[2025-04-13 00:22:25,950]-[main] INFO  Exposed - Preparing create tables statements took 38ms
[2025-04-13 00:22:25,986]-[main] INFO  Exposed - Executing create tables statements took 36ms
[2025-04-13 00:22:26,024]-[main] INFO  Exposed - Extracting table columns took 38ms
[2025-04-13 00:22:26,061]-[main] INFO  Exposed - Extracting primary keys took 37ms
[2025-04-13 00:22:26,164]-[main] INFO  Exposed - Extracting column constraints took 102ms
[2025-04-13 00:22:26,164]-[main] INFO  Exposed - Preparing alter table statements took 178ms
[2025-04-13 00:22:26,201]-[main] INFO  Exposed - Executing alter table statements took 37ms
[2025-04-13 00:22:26,314]-[main] INFO  Exposed - Checking mapping consistence took 113ms
[2025-04-13 00:22:26,354]-[main] INFO  Exposed - Preparing create tables statements took 38ms
[2025-04-13 00:22:26,390]-[main] INFO  Exposed - Executing create tables statements took 36ms
[2025-04-13 00:22:26,429]-[main] INFO  Exposed - Extracting table columns took 39ms
[2025-04-13 00:22:26,467]-[main] INFO  Exposed - Extracting primary keys took 38ms
[2025-04-13 00:22:26,771]-[main] INFO  Exposed - Extracting column constraints took 304ms
[2025-04-13 00:22:26,771]-[main] INFO  Exposed - Preparing alter table statements took 381ms
[2025-04-13 00:22:26,808]-[main] INFO  Exposed - Executing alter table statements took 37ms
[2025-04-13 00:22:26,924]-[main] INFO  Exposed - Checking mapping consistence took 116ms
[2025-04-13 00:22:26,969]-[main] INFO  Exposed - Preparing create tables statements took 39ms
[2025-04-13 00:22:27,006]-[main] INFO  Exposed - Executing create tables statements took 36ms
[2025-04-13 00:22:27,049]-[main] INFO  Exposed - Extracting table columns took 40ms
[2025-04-13 00:22:27,090]-[main] INFO  Exposed - Extracting primary keys took 40ms
[2025-04-13 00:22:27,200]-[main] INFO  Exposed - Extracting column constraints took 110ms
[2025-04-13 00:22:27,200]-[main] INFO  Exposed - Preparing alter table statements took 191ms
[2025-04-13 00:22:27,238]-[main] INFO  Exposed - Executing alter table statements took 38ms
[2025-04-13 00:22:27,355]-[main] INFO  Exposed - Checking mapping consistence took 117ms
[2025-04-13 00:22:27,400]-[main] INFO  Exposed - Preparing create tables statements took 41ms
[2025-04-13 00:22:27,437]-[main] INFO  Exposed - Executing create tables statements took 37ms
[2025-04-13 00:22:27,480]-[main] INFO  Exposed - Extracting table columns took 42ms
[2025-04-13 00:22:27,520]-[main] INFO  Exposed - Extracting primary keys took 39ms
[2025-04-13 00:22:27,620]-[main] INFO  Exposed - Extracting column constraints took 100ms
[2025-04-13 00:22:27,620]-[main] INFO  Exposed - Preparing alter table statements took 182ms
[2025-04-13 00:22:27,658]-[main] INFO  Exposed - Executing alter table statements took 38ms
[2025-04-13 00:22:27,778]-[main] INFO  Exposed - Checking mapping consistence took 119ms
[2025-04-13 00:22:27,820]-[main] INFO  Exposed - Preparing create tables statements took 39ms
[2025-04-13 00:22:27,859]-[main] INFO  Exposed - Executing create tables statements took 38ms
[2025-04-13 00:22:27,902]-[main] INFO  Exposed - Extracting table columns took 42ms
[2025-04-13 00:22:27,941]-[main] INFO  Exposed - Extracting primary keys took 39ms
[2025-04-13 00:22:28,048]-[main] INFO  Exposed - Extracting column constraints took 107ms
[2025-04-13 00:22:28,048]-[main] INFO  Exposed - Preparing alter table statements took 188ms
[2025-04-13 00:22:28,086]-[main] INFO  Exposed - Executing alter table statements took 38ms
[2025-04-13 00:22:28,208]-[main] INFO  Exposed - Checking mapping consistence took 121ms
[2025-04-13 00:22:28,255]-[main] INFO  Exposed - Preparing create tables statements took 44ms
[2025-04-13 00:22:28,292]-[main] INFO  Exposed - Executing create tables statements took 37ms
[2025-04-13 00:22:28,336]-[main] INFO  Exposed - Extracting table columns took 43ms
[2025-04-13 00:22:28,375]-[main] INFO  Exposed - Extracting primary keys took 39ms
[2025-04-13 00:22:29,206]-[main] INFO  Exposed - Extracting column constraints took 830ms
[2025-04-13 00:22:29,207]-[main] INFO  Exposed - Preparing alter table statements took 914ms
[2025-04-13 00:22:29,247]-[main] INFO  Exposed - Executing alter table statements took 40ms
[2025-04-13 00:22:29,363]-[main] INFO  Exposed - Checking mapping consistence took 116ms
[2025-04-13 00:22:29,410]-[main] INFO  Exposed - Preparing create tables statements took 45ms
[2025-04-13 00:22:29,452]-[main] INFO  Exposed - Executing create tables statements took 41ms
[2025-04-13 00:22:29,496]-[main] INFO  Exposed - Extracting table columns took 44ms
[2025-04-13 00:22:29,535]-[main] INFO  Exposed - Extracting primary keys took 39ms
[2025-04-13 00:22:30,385]-[main] INFO  Exposed - Extracting column constraints took 849ms
[2025-04-13 00:22:30,386]-[main] INFO  Exposed - Preparing alter table statements took 934ms
[2025-04-13 00:22:30,424]-[main] INFO  Exposed - Executing alter table statements took 38ms
[2025-04-13 00:22:30,541]-[main] INFO  Exposed - Checking mapping consistence took 116ms
[2025-04-13 00:22:30,584]-[main] INFO  Exposed - Preparing create tables statements took 40ms
[2025-04-13 00:22:30,620]-[main] INFO  Exposed - Executing create tables statements took 36ms
[2025-04-13 00:22:30,669]-[main] INFO  Exposed - Extracting table columns took 48ms
[2025-04-13 00:22:30,709]-[main] INFO  Exposed - Extracting primary keys took 40ms
[2025-04-13 00:22:30,812]-[main] INFO  Exposed - Extracting column constraints took 103ms
[2025-04-13 00:22:30,813]-[main] INFO  Exposed - Preparing alter table statements took 192ms
[2025-04-13 00:22:30,851]-[main] INFO  Exposed - Executing alter table statements took 38ms
[2025-04-13 00:22:30,968]-[main] INFO  Exposed - Checking mapping consistence took 117ms
[2025-04-13 00:22:31,012]-[main] INFO  Exposed - Preparing create tables statements took 40ms
[2025-04-13 00:22:31,048]-[main] INFO  Exposed - Executing create tables statements took 36ms
[2025-04-13 00:22:31,088]-[main] INFO  Exposed - Extracting table columns took 40ms
[2025-04-13 00:22:31,127]-[main] INFO  Exposed - Extracting primary keys took 39ms
[2025-04-13 00:22:32,197]-[main] INFO  Exposed - Extracting column constraints took 1069ms
[2025-04-13 00:22:32,198]-[main] INFO  Exposed - Preparing alter table statements took 1150ms
[2025-04-13 00:22:32,237]-[main] INFO  Exposed - Executing alter table statements took 39ms
[2025-04-13 00:22:32,350]-[main] INFO  Exposed - Checking mapping consistence took 113ms
[2025-04-13 00:22:32,390]-[main] INFO  Exposed - Preparing create tables statements took 39ms
[2025-04-13 00:22:32,425]-[main] INFO  Exposed - Executing create tables statements took 35ms
[2025-04-13 00:22:32,464]-[main] INFO  Exposed - Extracting table columns took 38ms
[2025-04-13 00:22:32,503]-[main] INFO  Exposed - Extracting primary keys took 39ms
[2025-04-13 00:22:32,606]-[main] INFO  Exposed - Extracting column constraints took 102ms
[2025-04-13 00:22:32,606]-[main] INFO  Exposed - Preparing alter table statements took 180ms
[2025-04-13 00:22:32,642]-[main] INFO  Exposed - Executing alter table statements took 36ms
[2025-04-13 00:22:32,756]-[main] INFO  Exposed - Checking mapping consistence took 114ms
[2025-04-13 00:22:32,797]-[main] INFO  Exposed - Preparing create tables statements took 39ms
[2025-04-13 00:22:32,834]-[main] INFO  Exposed - Executing create tables statements took 36ms
[2025-04-13 00:22:32,875]-[main] INFO  Exposed - Extracting table columns took 40ms
[2025-04-13 00:22:32,914]-[main] INFO  Exposed - Extracting primary keys took 39ms
[2025-04-13 00:22:33,121]-[main] INFO  Exposed - Extracting column constraints took 206ms
[2025-04-13 00:22:33,121]-[main] INFO  Exposed - Preparing alter table statements took 286ms
[2025-04-13 00:22:33,158]-[main] INFO  Exposed - Executing alter table statements took 37ms
[2025-04-13 00:22:33,272]-[main] INFO  Exposed - Checking mapping consistence took 113ms
[2025-04-13 00:22:33,313]-[main] INFO  Exposed - Preparing create tables statements took 39ms
[2025-04-13 00:22:33,350]-[main] INFO  Exposed - Executing create tables statements took 37ms
[2025-04-13 00:22:33,392]-[main] INFO  Exposed - Extracting table columns took 42ms
[2025-04-13 00:22:33,431]-[main] INFO  Exposed - Extracting primary keys took 38ms
[2025-04-13 00:22:34,155]-[main] INFO  Exposed - Extracting column constraints took 723ms
[2025-04-13 00:22:34,155]-[main] INFO  Exposed - Preparing alter table statements took 805ms
[2025-04-13 00:22:34,192]-[main] INFO  Exposed - Executing alter table statements took 37ms
[2025-04-13 00:22:34,306]-[main] INFO  Exposed - Checking mapping consistence took 114ms
[2025-04-13 00:22:35,313]-[main] INFO  Exposed - Preparing create tables statements took 202ms
[2025-04-13 00:22:35,350]-[main] INFO  Exposed - Executing create tables statements took 37ms
[2025-04-13 00:22:35,395]-[main] INFO  Exposed - Extracting table columns took 45ms
[2025-04-13 00:22:35,438]-[main] INFO  Exposed - Extracting primary keys took 42ms
[2025-04-13 00:22:35,624]-[main] INFO  Exposed - Extracting column constraints took 184ms
[2025-04-13 00:22:35,624]-[main] INFO  Exposed - Preparing alter table statements took 274ms
[2025-04-13 00:22:35,663]-[main] INFO  Exposed - Executing alter table statements took 38ms
[2025-04-13 00:22:35,806]-[main] INFO  Exposed - Checking mapping consistence took 143ms
[2025-04-13 00:22:35,851]-[main] INFO  Exposed - Preparing create tables statements took 42ms
[2025-04-13 00:22:35,891]-[main] INFO  Exposed - Executing create tables statements took 40ms
[2025-04-13 00:22:35,933]-[main] INFO  Exposed - Extracting table columns took 42ms
[2025-04-13 00:22:35,976]-[main] INFO  Exposed - Extracting primary keys took 42ms
[2025-04-13 00:22:36,109]-[main] INFO  Exposed - Extracting column constraints took 133ms
[2025-04-13 00:22:36,110]-[main] INFO  Exposed - Preparing alter table statements took 219ms
[2025-04-13 00:22:36,148]-[main] INFO  Exposed - Executing alter table statements took 38ms
[2025-04-13 00:22:36,277]-[main] INFO  Exposed - Checking mapping consistence took 128ms
[2025-04-13 00:22:36,319]-[main] INFO  Exposed - Preparing create tables statements took 40ms
[2025-04-13 00:22:36,359]-[main] INFO  Exposed - Executing create tables statements took 39ms
[2025-04-13 00:22:36,404]-[main] INFO  Exposed - Extracting table columns took 44ms
[2025-04-13 00:22:36,446]-[main] INFO  Exposed - Extracting primary keys took 42ms
[2025-04-13 00:22:36,576]-[main] INFO  Exposed - Extracting column constraints took 130ms
[2025-04-13 00:22:36,577]-[main] INFO  Exposed - Preparing alter table statements took 218ms
[2025-04-13 00:22:36,615]-[main] INFO  Exposed - Executing alter table statements took 38ms
[2025-04-13 00:22:36,738]-[main] INFO  Exposed - Checking mapping consistence took 123ms
[2025-04-13 00:22:36,782]-[main] INFO  Exposed - Preparing create tables statements took 41ms
[2025-04-13 00:22:36,820]-[main] INFO  Exposed - Executing create tables statements took 38ms
[2025-04-13 00:22:36,863]-[main] INFO  Exposed - Extracting table columns took 43ms
[2025-04-13 00:22:36,905]-[main] INFO  Exposed - Extracting primary keys took 41ms
[2025-04-13 00:22:37,166]-[main] INFO  Exposed - Extracting column constraints took 261ms
[2025-04-13 00:22:37,166]-[main] INFO  Exposed - Preparing alter table statements took 346ms
[2025-04-13 00:22:37,204]-[main] INFO  Exposed - Executing alter table statements took 38ms
[2025-04-13 00:22:37,333]-[main] INFO  Exposed - Checking mapping consistence took 129ms
[2025-04-13 00:22:37,379]-[main] INFO  Exposed - Preparing create tables statements took 43ms
[2025-04-13 00:22:37,417]-[main] INFO  Exposed - Executing create tables statements took 38ms
[2025-04-13 00:22:37,461]-[main] INFO  Exposed - Extracting table columns took 44ms
[2025-04-13 00:22:37,503]-[main] INFO  Exposed - Extracting primary keys took 42ms
[2025-04-13 00:22:37,760]-[main] INFO  Exposed - Extracting column constraints took 257ms
[2025-04-13 00:22:37,760]-[main] INFO  Exposed - Preparing alter table statements took 343ms
[2025-04-13 00:22:37,799]-[main] INFO  Exposed - Executing alter table statements took 39ms
[2025-04-13 00:22:37,920]-[main] INFO  Exposed - Checking mapping consistence took 121ms
[2025-04-13 00:22:37,964]-[main] INFO  Exposed - Preparing create tables statements took 41ms
[2025-04-13 00:22:38,002]-[main] INFO  Exposed - Executing create tables statements took 38ms
[2025-04-13 00:22:38,046]-[main] INFO  Exposed - Extracting table columns took 44ms
[2025-04-13 00:22:38,087]-[main] INFO  Exposed - Extracting primary keys took 41ms
[2025-04-13 00:22:38,344]-[main] INFO  Exposed - Extracting column constraints took 257ms
[2025-04-13 00:22:38,345]-[main] INFO  Exposed - Preparing alter table statements took 343ms
[2025-04-13 00:22:38,393]-[main] INFO  Exposed - Executing alter table statements took 48ms
[2025-04-13 00:22:38,513]-[main] INFO  Exposed - Checking mapping consistence took 120ms
[2025-04-13 00:22:38,556]-[main] INFO  Exposed - Preparing create tables statements took 41ms
[2025-04-13 00:22:38,593]-[main] INFO  Exposed - Executing create tables statements took 37ms
[2025-04-13 00:22:38,635]-[main] INFO  Exposed - Extracting table columns took 41ms
[2025-04-13 00:22:38,676]-[main] INFO  Exposed - Extracting primary keys took 41ms
[2025-04-13 00:22:39,065]-[main] INFO  Exposed - Extracting column constraints took 388ms
[2025-04-13 00:22:39,066]-[main] INFO  Exposed - Preparing alter table statements took 472ms
[2025-04-13 00:22:39,104]-[main] INFO  Exposed - Executing alter table statements took 38ms
[2025-04-13 00:22:39,226]-[main] INFO  Exposed - Checking mapping consistence took 122ms
[2025-04-13 00:22:39,271]-[main] INFO  Exposed - Preparing create tables statements took 41ms
[2025-04-13 00:22:39,310]-[main] INFO  Exposed - Executing create tables statements took 38ms
[2025-04-13 00:22:39,354]-[main] INFO  Exposed - Extracting table columns took 44ms
[2025-04-13 00:22:39,395]-[main] INFO  Exposed - Extracting primary keys took 40ms
[2025-04-13 00:22:39,664]-[main] INFO  Exposed - Extracting column constraints took 268ms
[2025-04-13 00:22:39,666]-[main] INFO  Exposed - Preparing alter table statements took 356ms
[2025-04-13 00:22:39,704]-[main] INFO  Exposed - Executing alter table statements took 38ms
[2025-04-13 00:22:39,824]-[main] INFO  Exposed - Checking mapping consistence took 120ms
[2025-04-13 00:22:40,012]-[main] INFO  [Koin] - Started 36 definitions in 4.163 ms
[2025-04-13 00:22:40,374]-[main] INFO  Application - Application started in 35.333 seconds.
[2025-04-13 00:22:40,376]-[main] INFO  Application - Application started: io.ktor.server.application.Application@6ad179b4
[2025-04-13 00:22:40,673]-[DefaultDispatcher-worker-1 @coroutine#1] INFO  Application - Responding at http://localhost:8080
[2025-04-13 00:23:25,936]-[eventLoopGroupProxy-4-1 @call-handler#4] ERROR [Koin] - * Instance creation error : could not create instance for '[Singleton: 'com.example.full_stack_ktor.repositories.AuthRepository']': org.koin.core.error.NoDefinitionFoundException: No definition found for type 'com.example.full_stack_ktor.services.AuthService'. Check your Modules configuration and add missing type and/or qualifier!
	org.koin.core.scope.Scope.resolveFromContext(Scope.kt:538)
	org.koin.core.scope.Scope.stackParametersCall(Scope.kt:277)
	org.koin.core.scope.Scope.resolveInstance(Scope.kt:263)
	org.koin.core.scope.Scope.resolve(Scope.kt:236)
	org.koin.core.scope.Scope.get(Scope.kt:218)
	com.example.full_stack_ktor.config.FrameworksKt.authModule$lambda$3$lambda$2(Frameworks.kt:94)
	org.koin.core.instance.InstanceFactory.create(InstanceFactory.kt:51)
	org.koin.core.instance.SingleInstanceFactory.create(SingleInstanceFactory.kt:46)
	org.koin.core.instance.SingleInstanceFactory.get$lambda$0(SingleInstanceFactory.kt:55)
	org.koin.mp.KoinPlatformTools.synchronized(KoinPlatformTools.kt:36)
	org.koin.core.instance.SingleInstanceFactory.get(SingleInstanceFactory.kt:53)
	org.koin.core.registry.InstanceRegistry.resolveInstance$koin_core(InstanceRegistry.kt:113)
	org.koin.core.scope.Scope.resolveFromRegistry(Scope.kt:325)
	org.koin.core.scope.Scope.resolveFromContext(Scope.kt:315)
	org.koin.core.scope.Scope.stackParametersCall(Scope.kt:277)
	org.koin.core.scope.Scope.resolveInstance(Scope.kt:263)
	org.koin.core.scope.Scope.resolve(Scope.kt:236)
	org.koin.core.scope.Scope.get(Scope.kt:218)
	org.koin.core.Koin.get(Koin.kt:138)
	org.koin.java.KoinJavaComponent.get(KoinJavaComponent.kt:87)
	org.koin.java.KoinJavaComponent.inject$lambda$0(KoinJavaComponent.kt:47)
	kotlin.SynchronizedLazyImpl.getValue(LazyJVM.kt:83)
	com.example.full_stack_ktor.controllers.AuthController.getAuthRepository(AuthController.kt:13)
	com.example.full_stack_ktor.controllers.AuthController.login(AuthController.kt:17)
	com.example.full_stack_ktor.config.RoutingKt$authRoutes$1$2.invokeSuspend(Routing.kt:143)
	com.example.full_stack_ktor.config.RoutingKt$authRoutes$1$2.invoke(Routing.kt)
	com.example.full_stack_ktor.config.RoutingKt$authRoutes$1$2.invoke(Routing.kt)
	io.ktor.server.routing.RoutingNode$buildPipeline$1$1.invokeSuspend(RoutingNode.kt:127)
	io.ktor.server.routing.RoutingNode$buildPipeline$1$1.invoke(RoutingNode.kt)
	io.ktor.server.routing.RoutingNode$buildPipeline$1$1.invoke(RoutingNode.kt)
	io.ktor.util.pipeline.PipelineJvmKt.pipelineStartCoroutineUninterceptedOrReturn(PipelineJvm.kt:15)
	io.ktor.util.pipeline.SuspendFunctionGun.loop(SuspendFunctionGun.kt:131)
	io.ktor.util.pipeline.SuspendFunctionGun.proceed(SuspendFunctionGun.kt:89)
	io.ktor.util.pipeline.SuspendFunctionGun.execute$ktor_utils(SuspendFunctionGun.kt:109)
	io.ktor.util.pipeline.Pipeline.execute(Pipeline.kt:92)
	io.ktor.server.routing.RoutingRoot$executeResult$$inlined$execute$1.invokeSuspend(Pipeline.kt:510)
	io.ktor.server.routing.RoutingRoot$executeResult$$inlined$execute$1.invoke(Pipeline.kt)
	io.ktor.server.routing.RoutingRoot$executeResult$$inlined$execute$1.invoke(Pipeline.kt)
	io.ktor.util.debug.ContextUtilsKt$initContextInDebugMode$2.invokeSuspend(ContextUtils.kt:22)
	io.ktor.util.debug.ContextUtilsKt$initContextInDebugMode$2.invoke(ContextUtils.kt)
	io.ktor.util.debug.ContextUtilsKt$initContextInDebugMode$2.invoke(ContextUtils.kt)
	kotlinx.coroutines.intrinsics.UndispatchedKt.startUndispatchedOrReturn(Undispatched.kt:43)
	kotlinx.coroutines.BuildersKt__Builders_commonKt.withContext(Builders.common.kt:166)
	kotlinx.coroutines.BuildersKt.withContext(Unknown Source)
	io.ktor.util.debug.ContextUtilsKt.initContextInDebugMode(ContextUtils.kt:22)
	io.ktor.server.routing.RoutingRoot.executeResult(RoutingRoot.kt:208)
	io.ktor.server.routing.RoutingRoot.interceptor(RoutingRoot.kt:71)
	io.ktor.server.routing.RoutingRoot$Plugin$install$1.invokeSuspend(RoutingRoot.kt:154)
	io.ktor.server.routing.RoutingRoot$Plugin$install$1.invoke(RoutingRoot.kt)
	io.ktor.server.routing.RoutingRoot$Plugin$install$1.invoke(RoutingRoot.kt)
	io.ktor.util.pipeline.PipelineJvmKt.pipelineStartCoroutineUninterceptedOrReturn(PipelineJvm.kt:15)
	io.ktor.util.pipeline.SuspendFunctionGun.loop(SuspendFunctionGun.kt:131)
	io.ktor.util.pipeline.SuspendFunctionGun.proceed(SuspendFunctionGun.kt:89)
	io.ktor.server.plugins.calllogging.MDCHookKt$MDCHook$1$install$1$1.invoke(MDCHook.kt:22)
	io.ktor.server.plugins.calllogging.MDCHookKt$MDCHook$1$install$1$1.invoke(MDCHook.kt:22)
	io.ktor.server.plugins.calllogging.CallLoggingKt$logCallsWithMDC$2$invokeSuspend$$inlined$withMDC$1.invokeSuspend(MDCEntryUtils.kt:22)
	io.ktor.server.plugins.calllogging.CallLoggingKt$logCallsWithMDC$2$invokeSuspend$$inlined$withMDC$1.invoke(MDCEntryUtils.kt)
	io.ktor.server.plugins.calllogging.CallLoggingKt$logCallsWithMDC$2$invokeSuspend$$inlined$withMDC$1.invoke(MDCEntryUtils.kt)
	kotlinx.coroutines.intrinsics.UndispatchedKt.startUndispatchedOrReturn(Undispatched.kt:43)
	kotlinx.coroutines.BuildersKt__Builders_commonKt.withContext(Builders.common.kt:166)
	kotlinx.coroutines.BuildersKt.withContext(Unknown Source)
	io.ktor.server.plugins.calllogging.CallLoggingKt$logCallsWithMDC$2.invokeSuspend(CallLogging.kt:116)
	io.ktor.server.plugins.calllogging.CallLoggingKt$logCallsWithMDC$2.invoke(CallLogging.kt)
	io.ktor.server.plugins.calllogging.CallLoggingKt$logCallsWithMDC$2.invoke(CallLogging.kt)
	io.ktor.server.plugins.calllogging.MDCHookKt$MDCHook$1$install$1.invokeSuspend(MDCHook.kt:22)
	io.ktor.server.plugins.calllogging.MDCHookKt$MDCHook$1$install$1.invoke(MDCHook.kt)
	io.ktor.server.plugins.calllogging.MDCHookKt$MDCHook$1$install$1.invoke(MDCHook.kt)
	io.ktor.util.pipeline.PipelineJvmKt.pipelineStartCoroutineUninterceptedOrReturn(PipelineJvm.kt:15)
	io.ktor.util.pipeline.SuspendFunctionGun.loop(SuspendFunctionGun.kt:131)
	io.ktor.util.pipeline.SuspendFunctionGun.proceed(SuspendFunctionGun.kt:89)
	io.ktor.server.engine.BaseApplicationEngineKt$installDefaultTransformationChecker$1.invokeSuspend(BaseApplicationEngine.kt:117)
	io.ktor.server.engine.BaseApplicationEngineKt$installDefaultTransformationChecker$1.invoke(BaseApplicationEngine.kt)
	io.ktor.server.engine.BaseApplicationEngineKt$installDefaultTransformationChecker$1.invoke(BaseApplicationEngine.kt)
	io.ktor.util.pipeline.PipelineJvmKt.pipelineStartCoroutineUninterceptedOrReturn(PipelineJvm.kt:15)
	io.ktor.util.pipeline.SuspendFunctionGun.loop(SuspendFunctionGun.kt:131)
	io.ktor.util.pipeline.SuspendFunctionGun.proceed(SuspendFunctionGun.kt:89)
	io.ktor.server.plugins.calllogging.MDCHookKt$MDCHook$1$install$1$1.invoke(MDCHook.kt:22)
	io.ktor.server.plugins.calllogging.MDCHookKt$MDCHook$1$install$1$1.invoke(MDCHook.kt:22)
	io.ktor.server.plugins.calllogging.CallLoggingKt$logCallsWithMDC$1$invokeSuspend$$inlined$withMDC$1.invokeSuspend(MDCEntryUtils.kt:22)
	io.ktor.server.plugins.calllogging.CallLoggingKt$logCallsWithMDC$1$invokeSuspend$$inlined$withMDC$1.invoke(MDCEntryUtils.kt)
	io.ktor.server.plugins.calllogging.CallLoggingKt$logCallsWithMDC$1$invokeSuspend$$inlined$withMDC$1.invoke(MDCEntryUtils.kt)
	kotlinx.coroutines.intrinsics.UndispatchedKt.startUndispatchedOrReturn(Undispatched.kt:43)
	kotlinx.coroutines.BuildersKt__Builders_commonKt.withContext(Builders.common.kt:166)
	kotlinx.coroutines.BuildersKt.withContext(Unknown Source)
	io.ktor.server.plugins.calllogging.CallLoggingKt$logCallsWithMDC$1.invokeSuspend(CallLogging.kt:116)
	io.ktor.server.plugins.calllogging.CallLoggingKt$logCallsWithMDC$1.invoke(CallLogging.kt)
	io.ktor.server.plugins.calllogging.CallLoggingKt$logCallsWithMDC$1.invoke(CallLogging.kt)
	io.ktor.server.plugins.calllogging.MDCHookKt$MDCHook$1$install$1.invokeSuspend(MDCHook.kt:22)
	io.ktor.server.plugins.calllogging.MDCHookKt$MDCHook$1$install$1.invoke(MDCHook.kt)
	io.ktor.server.plugins.calllogging.MDCHookKt$MDCHook$1$install$1.invoke(MDCHook.kt)
	io.ktor.util.pipeline.PipelineJvmKt.pipelineStartCoroutineUninterceptedOrReturn(PipelineJvm.kt:15)
	io.ktor.util.pipeline.SuspendFunctionGun.loop(SuspendFunctionGun.kt:131)
	io.ktor.util.pipeline.SuspendFunctionGun.proceed(SuspendFunctionGun.kt:89)
	io.ktor.server.application.hooks.CallFailed$install$1$1.invokeSuspend(CommonHooks.kt:49)
	io.ktor.server.application.hooks.CallFailed$install$1$1.invoke(CommonHooks.kt)
	io.ktor.server.application.hooks.CallFailed$install$1$1.invoke(CommonHooks.kt)
	kotlinx.coroutines.intrinsics.UndispatchedKt.startUndispatchedOrReturn(Undispatched.kt:43)
	kotlinx.coroutines.CoroutineScopeKt.coroutineScope(CoroutineScope.kt:285)
	io.ktor.server.application.hooks.CallFailed$install$1.invokeSuspend(CommonHooks.kt:48)
	io.ktor.server.application.hooks.CallFailed$install$1.invoke(CommonHooks.kt)
	io.ktor.server.application.hooks.CallFailed$install$1.invoke(CommonHooks.kt)
	io.ktor.util.pipeline.PipelineJvmKt.pipelineStartCoroutineUninterceptedOrReturn(PipelineJvm.kt:15)
	io.ktor.util.pipeline.SuspendFunctionGun.loop(SuspendFunctionGun.kt:131)
	io.ktor.util.pipeline.SuspendFunctionGun.proceed(SuspendFunctionGun.kt:89)
	io.ktor.server.application.hooks.CallFailed$install$1$1.invokeSuspend(CommonHooks.kt:49)
	io.ktor.server.application.hooks.CallFailed$install$1$1.invoke(CommonHooks.kt)
	io.ktor.server.application.hooks.CallFailed$install$1$1.invoke(CommonHooks.kt)
	kotlinx.coroutines.intrinsics.UndispatchedKt.startUndispatchedOrReturn(Undispatched.kt:43)
	kotlinx.coroutines.CoroutineScopeKt.coroutineScope(CoroutineScope.kt:285)
	io.ktor.server.application.hooks.CallFailed$install$1.invokeSuspend(CommonHooks.kt:48)
	io.ktor.server.application.hooks.CallFailed$install$1.invoke(CommonHooks.kt)
	io.ktor.server.application.hooks.CallFailed$install$1.invoke(CommonHooks.kt)
	io.ktor.util.pipeline.PipelineJvmKt.pipelineStartCoroutineUninterceptedOrReturn(PipelineJvm.kt:15)
	io.ktor.util.pipeline.SuspendFunctionGun.loop(SuspendFunctionGun.kt:131)
	io.ktor.util.pipeline.SuspendFunctionGun.proceed(SuspendFunctionGun.kt:89)
	io.ktor.util.pipeline.SuspendFunctionGun.execute$ktor_utils(SuspendFunctionGun.kt:109)
	io.ktor.util.pipeline.Pipeline.execute(Pipeline.kt:92)
	io.ktor.server.engine.DefaultEnginePipelineKt$defaultEnginePipeline$1$invokeSuspend$$inlined$execute$1.invokeSuspend(Pipeline.kt:510)
	io.ktor.server.engine.DefaultEnginePipelineKt$defaultEnginePipeline$1$invokeSuspend$$inlined$execute$1.invoke(Pipeline.kt)
	io.ktor.server.engine.DefaultEnginePipelineKt$defaultEnginePipeline$1$invokeSuspend$$inlined$execute$1.invoke(Pipeline.kt)
	io.ktor.util.debug.ContextUtilsKt$initContextInDebugMode$2.invokeSuspend(ContextUtils.kt:22)
	io.ktor.util.debug.ContextUtilsKt$initContextInDebugMode$2.invoke(ContextUtils.kt)
	io.ktor.util.debug.ContextUtilsKt$initContextInDebugMode$2.invoke(ContextUtils.kt)
	kotlinx.coroutines.intrinsics.UndispatchedKt.startUndispatchedOrReturn(Undispatched.kt:43)
	kotlinx.coroutines.BuildersKt__Builders_commonKt.withContext(Builders.common.kt:166)
	kotlinx.coroutines.BuildersKt.withContext(Unknown Source)
	io.ktor.util.debug.ContextUtilsKt.initContextInDebugMode(ContextUtils.kt:22)
	io.ktor.server.engine.DefaultEnginePipelineKt$defaultEnginePipeline$1.invokeSuspend(DefaultEnginePipeline.kt:131)
	io.ktor.server.engine.DefaultEnginePipelineKt$defaultEnginePipeline$1.invoke(DefaultEnginePipeline.kt)
	io.ktor.server.engine.DefaultEnginePipelineKt$defaultEnginePipeline$1.invoke(DefaultEnginePipeline.kt)
	io.ktor.util.pipeline.PipelineJvmKt.pipelineStartCoroutineUninterceptedOrReturn(PipelineJvm.kt:15)
	io.ktor.util.pipeline.SuspendFunctionGun.loop(SuspendFunctionGun.kt:131)
	io.ktor.util.pipeline.SuspendFunctionGun.proceed(SuspendFunctionGun.kt:89)
	io.ktor.util.pipeline.SuspendFunctionGun.execute$ktor_utils(SuspendFunctionGun.kt:109)
	io.ktor.util.pipeline.Pipeline.execute(Pipeline.kt:92)
	io.ktor.server.netty.NettyApplicationCallHandler$handleRequest$1$invokeSuspend$$inlined$execute$1.invokeSuspend(Pipeline.kt:481)
	io.ktor.server.netty.NettyApplicationCallHandler$handleRequest$1$invokeSuspend$$inlined$execute$1.invoke(Pipeline.kt)
	io.ktor.server.netty.NettyApplicationCallHandler$handleRequest$1$invokeSuspend$$inlined$execute$1.invoke(Pipeline.kt)
	io.ktor.util.debug.ContextUtilsKt$initContextInDebugMode$2.invokeSuspend(ContextUtils.kt:22)
	io.ktor.util.debug.ContextUtilsKt$initContextInDebugMode$2.invoke(ContextUtils.kt)
	io.ktor.util.debug.ContextUtilsKt$initContextInDebugMode$2.invoke(ContextUtils.kt)
	kotlinx.coroutines.intrinsics.UndispatchedKt.startUndispatchedOrReturn(Undispatched.kt:43)
	kotlinx.coroutines.BuildersKt__Builders_commonKt.withContext(Builders.common.kt:166)
	kotlinx.coroutines.BuildersKt.withContext(Unknown Source)
	io.ktor.util.debug.ContextUtilsKt.initContextInDebugMode(ContextUtils.kt:22)
	io.ktor.server.netty.NettyApplicationCallHandler$handleRequest$1.invokeSuspend(NettyApplicationCallHandler.kt:140)
	io.ktor.server.netty.NettyApplicationCallHandler$handleRequest$1.invoke(NettyApplicationCallHandler.kt)
	io.ktor.server.netty.NettyApplicationCallHandler$handleRequest$1.invoke(NettyApplicationCallHandler.kt)
	kotlinx.coroutines.intrinsics.UndispatchedKt.startCoroutineUndispatched(Undispatched.kt:20)
	kotlinx.coroutines.CoroutineStart.invoke(CoroutineStart.kt:360)
	kotlinx.coroutines.AbstractCoroutine.start(AbstractCoroutine.kt:134)
	kotlinx.coroutines.BuildersKt__Builders_commonKt.launch(Builders.common.kt:52)
	kotlinx.coroutines.BuildersKt.launch(Unknown Source)
	io.ktor.server.netty.NettyApplicationCallHandler.handleRequest(NettyApplicationCallHandler.kt:41)
	io.ktor.server.netty.NettyApplicationCallHandler.channelRead(NettyApplicationCallHandler.kt:33)
	io.netty.channel.AbstractChannelHandlerContext.invokeChannelRead(AbstractChannelHandlerContext.java:444)
	io.netty.channel.AbstractChannelHandlerContext.access$600(AbstractChannelHandlerContext.java:61)
	io.netty.channel.AbstractChannelHandlerContext$7.run(AbstractChannelHandlerContext.java:425)
	io.netty.util.concurrent.AbstractEventExecutor.runTask$$$capture(AbstractEventExecutor.java:173)
	io.netty.util.concurrent.AbstractEventExecutor.runTask(AbstractEventExecutor.java)
	io.netty.util.concurrent.AbstractEventExecutor.safeExecute$$$capture(AbstractEventExecutor.java:166)
	io.netty.util.concurrent.AbstractEventExecutor.safeExecute(AbstractEventExecutor.java)
	io.netty.util.concurrent.SingleThreadEventExecutor.runAllTasks(SingleThreadEventExecutor.java:472)
	io.netty.channel.nio.NioEventLoop.run(NioEventLoop.java:569)
	io.netty.util.concurrent.SingleThreadEventExecutor$4.run(SingleThreadEventExecutor.java:997)
	io.netty.util.internal.ThreadExecutorMap$2.run(ThreadExecutorMap.java:74)
	io.netty.util.concurrent.FastThreadLocalRunnable.run(FastThreadLocalRunnable.java:30)
	java.base/java.lang.Thread.run(Thread.java:1583)
[2025-04-13 00:23:26,354]-[eventLoopGroupProxy-4-1 @call-handler#4] INFO  Application - [31m500 Internal Server Error[m: [36mPOST[m - /v1/auth/login in 528ms
[2025-04-13 00:31:47,822]-[eventLoopGroupProxy-4-2 @call-handler#9] ERROR [Koin] - * Instance creation error : could not create instance for '[Singleton: 'com.example.full_stack_ktor.repositories.AuthRepository']': org.koin.core.error.NoDefinitionFoundException: No definition found for type 'com.example.full_stack_ktor.services.AuthService'. Check your Modules configuration and add missing type and/or qualifier!
	org.koin.core.scope.Scope.resolveFromContext(Scope.kt:538)
	org.koin.core.scope.Scope.stackParametersCall(Scope.kt:277)
	org.koin.core.scope.Scope.resolveInstance(Scope.kt:263)
	org.koin.core.scope.Scope.resolve(Scope.kt:236)
	org.koin.core.scope.Scope.get(Scope.kt:218)
	com.example.full_stack_ktor.config.FrameworksKt.authModule$lambda$3$lambda$2(Frameworks.kt:94)
	org.koin.core.instance.InstanceFactory.create(InstanceFactory.kt:51)
	org.koin.core.instance.SingleInstanceFactory.create(SingleInstanceFactory.kt:46)
	org.koin.core.instance.SingleInstanceFactory.get$lambda$0(SingleInstanceFactory.kt:55)
	org.koin.mp.KoinPlatformTools.synchronized(KoinPlatformTools.kt:36)
	org.koin.core.instance.SingleInstanceFactory.get(SingleInstanceFactory.kt:53)
	org.koin.core.registry.InstanceRegistry.resolveInstance$koin_core(InstanceRegistry.kt:113)
	org.koin.core.scope.Scope.resolveFromRegistry(Scope.kt:325)
	org.koin.core.scope.Scope.resolveFromContext(Scope.kt:315)
	org.koin.core.scope.Scope.stackParametersCall(Scope.kt:277)
	org.koin.core.scope.Scope.resolveInstance(Scope.kt:263)
	org.koin.core.scope.Scope.resolve(Scope.kt:236)
	org.koin.core.scope.Scope.get(Scope.kt:218)
	org.koin.core.Koin.get(Koin.kt:138)
	org.koin.java.KoinJavaComponent.get(KoinJavaComponent.kt:87)
	org.koin.java.KoinJavaComponent.inject$lambda$0(KoinJavaComponent.kt:47)
	kotlin.SynchronizedLazyImpl.getValue(LazyJVM.kt:83)
	com.example.full_stack_ktor.controllers.AuthController.getAuthRepository(AuthController.kt:13)
	com.example.full_stack_ktor.controllers.AuthController.login(AuthController.kt:17)
	com.example.full_stack_ktor.config.RoutingKt$authRoutes$1$2.invokeSuspend(Routing.kt:143)
	com.example.full_stack_ktor.config.RoutingKt$authRoutes$1$2.invoke(Routing.kt)
	com.example.full_stack_ktor.config.RoutingKt$authRoutes$1$2.invoke(Routing.kt)
	io.ktor.server.routing.RoutingNode$buildPipeline$1$1.invokeSuspend(RoutingNode.kt:127)
	io.ktor.server.routing.RoutingNode$buildPipeline$1$1.invoke(RoutingNode.kt)
	io.ktor.server.routing.RoutingNode$buildPipeline$1$1.invoke(RoutingNode.kt)
	io.ktor.util.pipeline.PipelineJvmKt.pipelineStartCoroutineUninterceptedOrReturn(PipelineJvm.kt:15)
	io.ktor.util.pipeline.SuspendFunctionGun.loop(SuspendFunctionGun.kt:131)
	io.ktor.util.pipeline.SuspendFunctionGun.proceed(SuspendFunctionGun.kt:89)
	io.ktor.util.pipeline.SuspendFunctionGun.execute$ktor_utils(SuspendFunctionGun.kt:109)
	io.ktor.util.pipeline.Pipeline.execute(Pipeline.kt:92)
	io.ktor.server.routing.RoutingRoot$executeResult$$inlined$execute$1.invokeSuspend(Pipeline.kt:510)
	io.ktor.server.routing.RoutingRoot$executeResult$$inlined$execute$1.invoke(Pipeline.kt)
	io.ktor.server.routing.RoutingRoot$executeResult$$inlined$execute$1.invoke(Pipeline.kt)
	io.ktor.util.debug.ContextUtilsKt$initContextInDebugMode$2.invokeSuspend(ContextUtils.kt:22)
	io.ktor.util.debug.ContextUtilsKt$initContextInDebugMode$2.invoke(ContextUtils.kt)
	io.ktor.util.debug.ContextUtilsKt$initContextInDebugMode$2.invoke(ContextUtils.kt)
	kotlinx.coroutines.intrinsics.UndispatchedKt.startUndispatchedOrReturn(Undispatched.kt:43)
	kotlinx.coroutines.BuildersKt__Builders_commonKt.withContext(Builders.common.kt:166)
	kotlinx.coroutines.BuildersKt.withContext(Unknown Source)
	io.ktor.util.debug.ContextUtilsKt.initContextInDebugMode(ContextUtils.kt:22)
	io.ktor.server.routing.RoutingRoot.executeResult(RoutingRoot.kt:208)
	io.ktor.server.routing.RoutingRoot.interceptor(RoutingRoot.kt:71)
	io.ktor.server.routing.RoutingRoot$Plugin$install$1.invokeSuspend(RoutingRoot.kt:154)
	io.ktor.server.routing.RoutingRoot$Plugin$install$1.invoke(RoutingRoot.kt)
	io.ktor.server.routing.RoutingRoot$Plugin$install$1.invoke(RoutingRoot.kt)
	io.ktor.util.pipeline.PipelineJvmKt.pipelineStartCoroutineUninterceptedOrReturn(PipelineJvm.kt:15)
	io.ktor.util.pipeline.SuspendFunctionGun.loop(SuspendFunctionGun.kt:131)
	io.ktor.util.pipeline.SuspendFunctionGun.proceed(SuspendFunctionGun.kt:89)
	io.ktor.server.plugins.calllogging.MDCHookKt$MDCHook$1$install$1$1.invoke(MDCHook.kt:22)
	io.ktor.server.plugins.calllogging.MDCHookKt$MDCHook$1$install$1$1.invoke(MDCHook.kt:22)
	io.ktor.server.plugins.calllogging.CallLoggingKt$logCallsWithMDC$2$invokeSuspend$$inlined$withMDC$1.invokeSuspend(MDCEntryUtils.kt:22)
	io.ktor.server.plugins.calllogging.CallLoggingKt$logCallsWithMDC$2$invokeSuspend$$inlined$withMDC$1.invoke(MDCEntryUtils.kt)
	io.ktor.server.plugins.calllogging.CallLoggingKt$logCallsWithMDC$2$invokeSuspend$$inlined$withMDC$1.invoke(MDCEntryUtils.kt)
	kotlinx.coroutines.intrinsics.UndispatchedKt.startUndispatchedOrReturn(Undispatched.kt:43)
	kotlinx.coroutines.BuildersKt__Builders_commonKt.withContext(Builders.common.kt:166)
	kotlinx.coroutines.BuildersKt.withContext(Unknown Source)
	io.ktor.server.plugins.calllogging.CallLoggingKt$logCallsWithMDC$2.invokeSuspend(CallLogging.kt:116)
	io.ktor.server.plugins.calllogging.CallLoggingKt$logCallsWithMDC$2.invoke(CallLogging.kt)
	io.ktor.server.plugins.calllogging.CallLoggingKt$logCallsWithMDC$2.invoke(CallLogging.kt)
	io.ktor.server.plugins.calllogging.MDCHookKt$MDCHook$1$install$1.invokeSuspend(MDCHook.kt:22)
	io.ktor.server.plugins.calllogging.MDCHookKt$MDCHook$1$install$1.invoke(MDCHook.kt)
	io.ktor.server.plugins.calllogging.MDCHookKt$MDCHook$1$install$1.invoke(MDCHook.kt)
	io.ktor.util.pipeline.PipelineJvmKt.pipelineStartCoroutineUninterceptedOrReturn(PipelineJvm.kt:15)
	io.ktor.util.pipeline.SuspendFunctionGun.loop(SuspendFunctionGun.kt:131)
	io.ktor.util.pipeline.SuspendFunctionGun.proceed(SuspendFunctionGun.kt:89)
	io.ktor.server.engine.BaseApplicationEngineKt$installDefaultTransformationChecker$1.invokeSuspend(BaseApplicationEngine.kt:117)
	io.ktor.server.engine.BaseApplicationEngineKt$installDefaultTransformationChecker$1.invoke(BaseApplicationEngine.kt)
	io.ktor.server.engine.BaseApplicationEngineKt$installDefaultTransformationChecker$1.invoke(BaseApplicationEngine.kt)
	io.ktor.util.pipeline.PipelineJvmKt.pipelineStartCoroutineUninterceptedOrReturn(PipelineJvm.kt:15)
	io.ktor.util.pipeline.SuspendFunctionGun.loop(SuspendFunctionGun.kt:131)
	io.ktor.util.pipeline.SuspendFunctionGun.proceed(SuspendFunctionGun.kt:89)
	io.ktor.server.plugins.calllogging.MDCHookKt$MDCHook$1$install$1$1.invoke(MDCHook.kt:22)
	io.ktor.server.plugins.calllogging.MDCHookKt$MDCHook$1$install$1$1.invoke(MDCHook.kt:22)
	io.ktor.server.plugins.calllogging.CallLoggingKt$logCallsWithMDC$1$invokeSuspend$$inlined$withMDC$1.invokeSuspend(MDCEntryUtils.kt:22)
	io.ktor.server.plugins.calllogging.CallLoggingKt$logCallsWithMDC$1$invokeSuspend$$inlined$withMDC$1.invoke(MDCEntryUtils.kt)
	io.ktor.server.plugins.calllogging.CallLoggingKt$logCallsWithMDC$1$invokeSuspend$$inlined$withMDC$1.invoke(MDCEntryUtils.kt)
	kotlinx.coroutines.intrinsics.UndispatchedKt.startUndispatchedOrReturn(Undispatched.kt:43)
	kotlinx.coroutines.BuildersKt__Builders_commonKt.withContext(Builders.common.kt:166)
	kotlinx.coroutines.BuildersKt.withContext(Unknown Source)
	io.ktor.server.plugins.calllogging.CallLoggingKt$logCallsWithMDC$1.invokeSuspend(CallLogging.kt:116)
	io.ktor.server.plugins.calllogging.CallLoggingKt$logCallsWithMDC$1.invoke(CallLogging.kt)
	io.ktor.server.plugins.calllogging.CallLoggingKt$logCallsWithMDC$1.invoke(CallLogging.kt)
	io.ktor.server.plugins.calllogging.MDCHookKt$MDCHook$1$install$1.invokeSuspend(MDCHook.kt:22)
	io.ktor.server.plugins.calllogging.MDCHookKt$MDCHook$1$install$1.invoke(MDCHook.kt)
	io.ktor.server.plugins.calllogging.MDCHookKt$MDCHook$1$install$1.invoke(MDCHook.kt)
	io.ktor.util.pipeline.PipelineJvmKt.pipelineStartCoroutineUninterceptedOrReturn(PipelineJvm.kt:15)
	io.ktor.util.pipeline.SuspendFunctionGun.loop(SuspendFunctionGun.kt:131)
	io.ktor.util.pipeline.SuspendFunctionGun.proceed(SuspendFunctionGun.kt:89)
	io.ktor.server.application.hooks.CallFailed$install$1$1.invokeSuspend(CommonHooks.kt:49)
	io.ktor.server.application.hooks.CallFailed$install$1$1.invoke(CommonHooks.kt)
	io.ktor.server.application.hooks.CallFailed$install$1$1.invoke(CommonHooks.kt)
	kotlinx.coroutines.intrinsics.UndispatchedKt.startUndispatchedOrReturn(Undispatched.kt:43)
	kotlinx.coroutines.CoroutineScopeKt.coroutineScope(CoroutineScope.kt:285)
	io.ktor.server.application.hooks.CallFailed$install$1.invokeSuspend(CommonHooks.kt:48)
	io.ktor.server.application.hooks.CallFailed$install$1.invoke(CommonHooks.kt)
	io.ktor.server.application.hooks.CallFailed$install$1.invoke(CommonHooks.kt)
	io.ktor.util.pipeline.PipelineJvmKt.pipelineStartCoroutineUninterceptedOrReturn(PipelineJvm.kt:15)
	io.ktor.util.pipeline.SuspendFunctionGun.loop(SuspendFunctionGun.kt:131)
	io.ktor.util.pipeline.SuspendFunctionGun.proceed(SuspendFunctionGun.kt:89)
	io.ktor.server.application.hooks.CallFailed$install$1$1.invokeSuspend(CommonHooks.kt:49)
	io.ktor.server.application.hooks.CallFailed$install$1$1.invoke(CommonHooks.kt)
	io.ktor.server.application.hooks.CallFailed$install$1$1.invoke(CommonHooks.kt)
	kotlinx.coroutines.intrinsics.UndispatchedKt.startUndispatchedOrReturn(Undispatched.kt:43)
	kotlinx.coroutines.CoroutineScopeKt.coroutineScope(CoroutineScope.kt:285)
	io.ktor.server.application.hooks.CallFailed$install$1.invokeSuspend(CommonHooks.kt:48)
	io.ktor.server.application.hooks.CallFailed$install$1.invoke(CommonHooks.kt)
	io.ktor.server.application.hooks.CallFailed$install$1.invoke(CommonHooks.kt)
	io.ktor.util.pipeline.PipelineJvmKt.pipelineStartCoroutineUninterceptedOrReturn(PipelineJvm.kt:15)
	io.ktor.util.pipeline.SuspendFunctionGun.loop(SuspendFunctionGun.kt:131)
	io.ktor.util.pipeline.SuspendFunctionGun.proceed(SuspendFunctionGun.kt:89)
	io.ktor.util.pipeline.SuspendFunctionGun.execute$ktor_utils(SuspendFunctionGun.kt:109)
	io.ktor.util.pipeline.Pipeline.execute(Pipeline.kt:92)
	io.ktor.server.engine.DefaultEnginePipelineKt$defaultEnginePipeline$1$invokeSuspend$$inlined$execute$1.invokeSuspend(Pipeline.kt:510)
	io.ktor.server.engine.DefaultEnginePipelineKt$defaultEnginePipeline$1$invokeSuspend$$inlined$execute$1.invoke(Pipeline.kt)
	io.ktor.server.engine.DefaultEnginePipelineKt$defaultEnginePipeline$1$invokeSuspend$$inlined$execute$1.invoke(Pipeline.kt)
	io.ktor.util.debug.ContextUtilsKt$initContextInDebugMode$2.invokeSuspend(ContextUtils.kt:22)
	io.ktor.util.debug.ContextUtilsKt$initContextInDebugMode$2.invoke(ContextUtils.kt)
	io.ktor.util.debug.ContextUtilsKt$initContextInDebugMode$2.invoke(ContextUtils.kt)
	kotlinx.coroutines.intrinsics.UndispatchedKt.startUndispatchedOrReturn(Undispatched.kt:43)
	kotlinx.coroutines.BuildersKt__Builders_commonKt.withContext(Builders.common.kt:166)
	kotlinx.coroutines.BuildersKt.withContext(Unknown Source)
	io.ktor.util.debug.ContextUtilsKt.initContextInDebugMode(ContextUtils.kt:22)
	io.ktor.server.engine.DefaultEnginePipelineKt$defaultEnginePipeline$1.invokeSuspend(DefaultEnginePipeline.kt:131)
	io.ktor.server.engine.DefaultEnginePipelineKt$defaultEnginePipeline$1.invoke(DefaultEnginePipeline.kt)
	io.ktor.server.engine.DefaultEnginePipelineKt$defaultEnginePipeline$1.invoke(DefaultEnginePipeline.kt)
	io.ktor.util.pipeline.PipelineJvmKt.pipelineStartCoroutineUninterceptedOrReturn(PipelineJvm.kt:15)
	io.ktor.util.pipeline.SuspendFunctionGun.loop(SuspendFunctionGun.kt:131)
	io.ktor.util.pipeline.SuspendFunctionGun.proceed(SuspendFunctionGun.kt:89)
	io.ktor.util.pipeline.SuspendFunctionGun.execute$ktor_utils(SuspendFunctionGun.kt:109)
	io.ktor.util.pipeline.Pipeline.execute(Pipeline.kt:92)
	io.ktor.server.netty.NettyApplicationCallHandler$handleRequest$1$invokeSuspend$$inlined$execute$1.invokeSuspend(Pipeline.kt:481)
	io.ktor.server.netty.NettyApplicationCallHandler$handleRequest$1$invokeSuspend$$inlined$execute$1.invoke(Pipeline.kt)
	io.ktor.server.netty.NettyApplicationCallHandler$handleRequest$1$invokeSuspend$$inlined$execute$1.invoke(Pipeline.kt)
	io.ktor.util.debug.ContextUtilsKt$initContextInDebugMode$2.invokeSuspend(ContextUtils.kt:22)
	io.ktor.util.debug.ContextUtilsKt$initContextInDebugMode$2.invoke(ContextUtils.kt)
	io.ktor.util.debug.ContextUtilsKt$initContextInDebugMode$2.invoke(ContextUtils.kt)
	kotlinx.coroutines.intrinsics.UndispatchedKt.startUndispatchedOrReturn(Undispatched.kt:43)
	kotlinx.coroutines.BuildersKt__Builders_commonKt.withContext(Builders.common.kt:166)
	kotlinx.coroutines.BuildersKt.withContext(Unknown Source)
	io.ktor.util.debug.ContextUtilsKt.initContextInDebugMode(ContextUtils.kt:22)
	io.ktor.server.netty.NettyApplicationCallHandler$handleRequest$1.invokeSuspend(NettyApplicationCallHandler.kt:140)
	io.ktor.server.netty.NettyApplicationCallHandler$handleRequest$1.invoke(NettyApplicationCallHandler.kt)
	io.ktor.server.netty.NettyApplicationCallHandler$handleRequest$1.invoke(NettyApplicationCallHandler.kt)
	kotlinx.coroutines.intrinsics.UndispatchedKt.startCoroutineUndispatched(Undispatched.kt:20)
	kotlinx.coroutines.CoroutineStart.invoke(CoroutineStart.kt:360)
	kotlinx.coroutines.AbstractCoroutine.start(AbstractCoroutine.kt:134)
	kotlinx.coroutines.BuildersKt__Builders_commonKt.launch(Builders.common.kt:52)
	kotlinx.coroutines.BuildersKt.launch(Unknown Source)
	io.ktor.server.netty.NettyApplicationCallHandler.handleRequest(NettyApplicationCallHandler.kt:41)
	io.ktor.server.netty.NettyApplicationCallHandler.channelRead(NettyApplicationCallHandler.kt:33)
	io.netty.channel.AbstractChannelHandlerContext.invokeChannelRead(AbstractChannelHandlerContext.java:444)
	io.netty.channel.AbstractChannelHandlerContext.access$600(AbstractChannelHandlerContext.java:61)
	io.netty.channel.AbstractChannelHandlerContext$7.run(AbstractChannelHandlerContext.java:425)
	io.netty.util.concurrent.AbstractEventExecutor.runTask$$$capture(AbstractEventExecutor.java:173)
	io.netty.util.concurrent.AbstractEventExecutor.runTask(AbstractEventExecutor.java)
	io.netty.util.concurrent.AbstractEventExecutor.safeExecute$$$capture(AbstractEventExecutor.java:166)
	io.netty.util.concurrent.AbstractEventExecutor.safeExecute(AbstractEventExecutor.java)
	io.netty.util.concurrent.SingleThreadEventExecutor.runAllTasks(SingleThreadEventExecutor.java:472)
	io.netty.channel.nio.NioEventLoop.run(NioEventLoop.java:569)
	io.netty.util.concurrent.SingleThreadEventExecutor$4.run(SingleThreadEventExecutor.java:997)
	io.netty.util.internal.ThreadExecutorMap$2.run(ThreadExecutorMap.java:74)
	io.netty.util.concurrent.FastThreadLocalRunnable.run(FastThreadLocalRunnable.java:30)
	java.base/java.lang.Thread.run(Thread.java:1583)
[2025-04-13 00:31:55,429]-[eventLoopGroupProxy-4-2 @call-handler#9] INFO  Application - [31m500 Internal Server Error[m: [36mPOST[m - /v1/auth/login in 21565ms
[2025-04-13 00:44:56,085]-[eventLoopGroupProxy-4-3 @call-handler#14] ERROR [Koin] - * Instance creation error : could not create instance for '[Singleton: 'com.example.full_stack_ktor.repositories.AuthRepository']': org.koin.core.error.NoDefinitionFoundException: No definition found for type 'com.example.full_stack_ktor.services.AuthService'. Check your Modules configuration and add missing type and/or qualifier!
	org.koin.core.scope.Scope.resolveFromContext(Scope.kt:538)
	org.koin.core.scope.Scope.stackParametersCall(Scope.kt:277)
	org.koin.core.scope.Scope.resolveInstance(Scope.kt:263)
	org.koin.core.scope.Scope.resolve(Scope.kt:236)
	org.koin.core.scope.Scope.get(Scope.kt:218)
	com.example.full_stack_ktor.config.FrameworksKt.authModule$lambda$3$lambda$2(Frameworks.kt:94)
	org.koin.core.instance.InstanceFactory.create(InstanceFactory.kt:51)
	org.koin.core.instance.SingleInstanceFactory.create(SingleInstanceFactory.kt:46)
	org.koin.core.instance.SingleInstanceFactory.get$lambda$0(SingleInstanceFactory.kt:55)
	org.koin.mp.KoinPlatformTools.synchronized(KoinPlatformTools.kt:36)
	org.koin.core.instance.SingleInstanceFactory.get(SingleInstanceFactory.kt:53)
	org.koin.core.registry.InstanceRegistry.resolveInstance$koin_core(InstanceRegistry.kt:113)
	org.koin.core.scope.Scope.resolveFromRegistry(Scope.kt:325)
	org.koin.core.scope.Scope.resolveFromContext(Scope.kt:315)
	org.koin.core.scope.Scope.stackParametersCall(Scope.kt:277)
	org.koin.core.scope.Scope.resolveInstance(Scope.kt:263)
	org.koin.core.scope.Scope.resolve(Scope.kt:236)
	org.koin.core.scope.Scope.get(Scope.kt:218)
	org.koin.core.Koin.get(Koin.kt:138)
	org.koin.java.KoinJavaComponent.get(KoinJavaComponent.kt:87)
	org.koin.java.KoinJavaComponent.inject$lambda$0(KoinJavaComponent.kt:47)
	kotlin.SynchronizedLazyImpl.getValue(LazyJVM.kt:83)
	com.example.full_stack_ktor.controllers.AuthController.getAuthRepository(AuthController.kt:13)
	com.example.full_stack_ktor.controllers.AuthController.login(AuthController.kt:17)
	com.example.full_stack_ktor.config.RoutingKt$authRoutes$1$2.invokeSuspend(Routing.kt:143)
	com.example.full_stack_ktor.config.RoutingKt$authRoutes$1$2.invoke(Routing.kt)
	com.example.full_stack_ktor.config.RoutingKt$authRoutes$1$2.invoke(Routing.kt)
	io.ktor.server.routing.RoutingNode$buildPipeline$1$1.invokeSuspend(RoutingNode.kt:127)
	io.ktor.server.routing.RoutingNode$buildPipeline$1$1.invoke(RoutingNode.kt)
	io.ktor.server.routing.RoutingNode$buildPipeline$1$1.invoke(RoutingNode.kt)
	io.ktor.util.pipeline.PipelineJvmKt.pipelineStartCoroutineUninterceptedOrReturn(PipelineJvm.kt:15)
	io.ktor.util.pipeline.SuspendFunctionGun.loop(SuspendFunctionGun.kt:131)
	io.ktor.util.pipeline.SuspendFunctionGun.proceed(SuspendFunctionGun.kt:89)
	io.ktor.util.pipeline.SuspendFunctionGun.execute$ktor_utils(SuspendFunctionGun.kt:109)
	io.ktor.util.pipeline.Pipeline.execute(Pipeline.kt:92)
	io.ktor.server.routing.RoutingRoot$executeResult$$inlined$execute$1.invokeSuspend(Pipeline.kt:510)
	io.ktor.server.routing.RoutingRoot$executeResult$$inlined$execute$1.invoke(Pipeline.kt)
	io.ktor.server.routing.RoutingRoot$executeResult$$inlined$execute$1.invoke(Pipeline.kt)
	io.ktor.util.debug.ContextUtilsKt$initContextInDebugMode$2.invokeSuspend(ContextUtils.kt:22)
	io.ktor.util.debug.ContextUtilsKt$initContextInDebugMode$2.invoke(ContextUtils.kt)
	io.ktor.util.debug.ContextUtilsKt$initContextInDebugMode$2.invoke(ContextUtils.kt)
	kotlinx.coroutines.intrinsics.UndispatchedKt.startUndispatchedOrReturn(Undispatched.kt:43)
	kotlinx.coroutines.BuildersKt__Builders_commonKt.withContext(Builders.common.kt:166)
	kotlinx.coroutines.BuildersKt.withContext(Unknown Source)
	io.ktor.util.debug.ContextUtilsKt.initContextInDebugMode(ContextUtils.kt:22)
	io.ktor.server.routing.RoutingRoot.executeResult(RoutingRoot.kt:208)
	io.ktor.server.routing.RoutingRoot.interceptor(RoutingRoot.kt:71)
	io.ktor.server.routing.RoutingRoot$Plugin$install$1.invokeSuspend(RoutingRoot.kt:154)
	io.ktor.server.routing.RoutingRoot$Plugin$install$1.invoke(RoutingRoot.kt)
	io.ktor.server.routing.RoutingRoot$Plugin$install$1.invoke(RoutingRoot.kt)
	io.ktor.util.pipeline.PipelineJvmKt.pipelineStartCoroutineUninterceptedOrReturn(PipelineJvm.kt:15)
	io.ktor.util.pipeline.SuspendFunctionGun.loop(SuspendFunctionGun.kt:131)
	io.ktor.util.pipeline.SuspendFunctionGun.proceed(SuspendFunctionGun.kt:89)
	io.ktor.server.plugins.calllogging.MDCHookKt$MDCHook$1$install$1$1.invoke(MDCHook.kt:22)
	io.ktor.server.plugins.calllogging.MDCHookKt$MDCHook$1$install$1$1.invoke(MDCHook.kt:22)
	io.ktor.server.plugins.calllogging.CallLoggingKt$logCallsWithMDC$2$invokeSuspend$$inlined$withMDC$1.invokeSuspend(MDCEntryUtils.kt:22)
	io.ktor.server.plugins.calllogging.CallLoggingKt$logCallsWithMDC$2$invokeSuspend$$inlined$withMDC$1.invoke(MDCEntryUtils.kt)
	io.ktor.server.plugins.calllogging.CallLoggingKt$logCallsWithMDC$2$invokeSuspend$$inlined$withMDC$1.invoke(MDCEntryUtils.kt)
	kotlinx.coroutines.intrinsics.UndispatchedKt.startUndispatchedOrReturn(Undispatched.kt:43)
	kotlinx.coroutines.BuildersKt__Builders_commonKt.withContext(Builders.common.kt:166)
	kotlinx.coroutines.BuildersKt.withContext(Unknown Source)
	io.ktor.server.plugins.calllogging.CallLoggingKt$logCallsWithMDC$2.invokeSuspend(CallLogging.kt:116)
	io.ktor.server.plugins.calllogging.CallLoggingKt$logCallsWithMDC$2.invoke(CallLogging.kt)
	io.ktor.server.plugins.calllogging.CallLoggingKt$logCallsWithMDC$2.invoke(CallLogging.kt)
	io.ktor.server.plugins.calllogging.MDCHookKt$MDCHook$1$install$1.invokeSuspend(MDCHook.kt:22)
	io.ktor.server.plugins.calllogging.MDCHookKt$MDCHook$1$install$1.invoke(MDCHook.kt)
	io.ktor.server.plugins.calllogging.MDCHookKt$MDCHook$1$install$1.invoke(MDCHook.kt)
	io.ktor.util.pipeline.PipelineJvmKt.pipelineStartCoroutineUninterceptedOrReturn(PipelineJvm.kt:15)
	io.ktor.util.pipeline.SuspendFunctionGun.loop(SuspendFunctionGun.kt:131)
	io.ktor.util.pipeline.SuspendFunctionGun.proceed(SuspendFunctionGun.kt:89)
	io.ktor.server.engine.BaseApplicationEngineKt$installDefaultTransformationChecker$1.invokeSuspend(BaseApplicationEngine.kt:117)
	io.ktor.server.engine.BaseApplicationEngineKt$installDefaultTransformationChecker$1.invoke(BaseApplicationEngine.kt)
	io.ktor.server.engine.BaseApplicationEngineKt$installDefaultTransformationChecker$1.invoke(BaseApplicationEngine.kt)
	io.ktor.util.pipeline.PipelineJvmKt.pipelineStartCoroutineUninterceptedOrReturn(PipelineJvm.kt:15)
	io.ktor.util.pipeline.SuspendFunctionGun.loop(SuspendFunctionGun.kt:131)
	io.ktor.util.pipeline.SuspendFunctionGun.proceed(SuspendFunctionGun.kt:89)
	io.ktor.server.plugins.calllogging.MDCHookKt$MDCHook$1$install$1$1.invoke(MDCHook.kt:22)
	io.ktor.server.plugins.calllogging.MDCHookKt$MDCHook$1$install$1$1.invoke(MDCHook.kt:22)
	io.ktor.server.plugins.calllogging.CallLoggingKt$logCallsWithMDC$1$invokeSuspend$$inlined$withMDC$1.invokeSuspend(MDCEntryUtils.kt:22)
	io.ktor.server.plugins.calllogging.CallLoggingKt$logCallsWithMDC$1$invokeSuspend$$inlined$withMDC$1.invoke(MDCEntryUtils.kt)
	io.ktor.server.plugins.calllogging.CallLoggingKt$logCallsWithMDC$1$invokeSuspend$$inlined$withMDC$1.invoke(MDCEntryUtils.kt)
	kotlinx.coroutines.intrinsics.UndispatchedKt.startUndispatchedOrReturn(Undispatched.kt:43)
	kotlinx.coroutines.BuildersKt__Builders_commonKt.withContext(Builders.common.kt:166)
	kotlinx.coroutines.BuildersKt.withContext(Unknown Source)
	io.ktor.server.plugins.calllogging.CallLoggingKt$logCallsWithMDC$1.invokeSuspend(CallLogging.kt:116)
	io.ktor.server.plugins.calllogging.CallLoggingKt$logCallsWithMDC$1.invoke(CallLogging.kt)
	io.ktor.server.plugins.calllogging.CallLoggingKt$logCallsWithMDC$1.invoke(CallLogging.kt)
	io.ktor.server.plugins.calllogging.MDCHookKt$MDCHook$1$install$1.invokeSuspend(MDCHook.kt:22)
	io.ktor.server.plugins.calllogging.MDCHookKt$MDCHook$1$install$1.invoke(MDCHook.kt)
	io.ktor.server.plugins.calllogging.MDCHookKt$MDCHook$1$install$1.invoke(MDCHook.kt)
	io.ktor.util.pipeline.PipelineJvmKt.pipelineStartCoroutineUninterceptedOrReturn(PipelineJvm.kt:15)
	io.ktor.util.pipeline.SuspendFunctionGun.loop(SuspendFunctionGun.kt:131)
	io.ktor.util.pipeline.SuspendFunctionGun.proceed(SuspendFunctionGun.kt:89)
	io.ktor.server.application.hooks.CallFailed$install$1$1.invokeSuspend(CommonHooks.kt:49)
	io.ktor.server.application.hooks.CallFailed$install$1$1.invoke(CommonHooks.kt)
	io.ktor.server.application.hooks.CallFailed$install$1$1.invoke(CommonHooks.kt)
	kotlinx.coroutines.intrinsics.UndispatchedKt.startUndispatchedOrReturn(Undispatched.kt:43)
	kotlinx.coroutines.CoroutineScopeKt.coroutineScope(CoroutineScope.kt:285)
	io.ktor.server.application.hooks.CallFailed$install$1.invokeSuspend(CommonHooks.kt:48)
	io.ktor.server.application.hooks.CallFailed$install$1.invoke(CommonHooks.kt)
	io.ktor.server.application.hooks.CallFailed$install$1.invoke(CommonHooks.kt)
	io.ktor.util.pipeline.PipelineJvmKt.pipelineStartCoroutineUninterceptedOrReturn(PipelineJvm.kt:15)
	io.ktor.util.pipeline.SuspendFunctionGun.loop(SuspendFunctionGun.kt:131)
	io.ktor.util.pipeline.SuspendFunctionGun.proceed(SuspendFunctionGun.kt:89)
	io.ktor.server.application.hooks.CallFailed$install$1$1.invokeSuspend(CommonHooks.kt:49)
	io.ktor.server.application.hooks.CallFailed$install$1$1.invoke(CommonHooks.kt)
	io.ktor.server.application.hooks.CallFailed$install$1$1.invoke(CommonHooks.kt)
	kotlinx.coroutines.intrinsics.UndispatchedKt.startUndispatchedOrReturn(Undispatched.kt:43)
	kotlinx.coroutines.CoroutineScopeKt.coroutineScope(CoroutineScope.kt:285)
	io.ktor.server.application.hooks.CallFailed$install$1.invokeSuspend(CommonHooks.kt:48)
	io.ktor.server.application.hooks.CallFailed$install$1.invoke(CommonHooks.kt)
	io.ktor.server.application.hooks.CallFailed$install$1.invoke(CommonHooks.kt)
	io.ktor.util.pipeline.PipelineJvmKt.pipelineStartCoroutineUninterceptedOrReturn(PipelineJvm.kt:15)
	io.ktor.util.pipeline.SuspendFunctionGun.loop(SuspendFunctionGun.kt:131)
	io.ktor.util.pipeline.SuspendFunctionGun.proceed(SuspendFunctionGun.kt:89)
	io.ktor.util.pipeline.SuspendFunctionGun.execute$ktor_utils(SuspendFunctionGun.kt:109)
	io.ktor.util.pipeline.Pipeline.execute(Pipeline.kt:92)
	io.ktor.server.engine.DefaultEnginePipelineKt$defaultEnginePipeline$1$invokeSuspend$$inlined$execute$1.invokeSuspend(Pipeline.kt:510)
	io.ktor.server.engine.DefaultEnginePipelineKt$defaultEnginePipeline$1$invokeSuspend$$inlined$execute$1.invoke(Pipeline.kt)
	io.ktor.server.engine.DefaultEnginePipelineKt$defaultEnginePipeline$1$invokeSuspend$$inlined$execute$1.invoke(Pipeline.kt)
	io.ktor.util.debug.ContextUtilsKt$initContextInDebugMode$2.invokeSuspend(ContextUtils.kt:22)
	io.ktor.util.debug.ContextUtilsKt$initContextInDebugMode$2.invoke(ContextUtils.kt)
	io.ktor.util.debug.ContextUtilsKt$initContextInDebugMode$2.invoke(ContextUtils.kt)
	kotlinx.coroutines.intrinsics.UndispatchedKt.startUndispatchedOrReturn(Undispatched.kt:43)
	kotlinx.coroutines.BuildersKt__Builders_commonKt.withContext(Builders.common.kt:166)
	kotlinx.coroutines.BuildersKt.withContext(Unknown Source)
	io.ktor.util.debug.ContextUtilsKt.initContextInDebugMode(ContextUtils.kt:22)
	io.ktor.server.engine.DefaultEnginePipelineKt$defaultEnginePipeline$1.invokeSuspend(DefaultEnginePipeline.kt:131)
	io.ktor.server.engine.DefaultEnginePipelineKt$defaultEnginePipeline$1.invoke(DefaultEnginePipeline.kt)
	io.ktor.server.engine.DefaultEnginePipelineKt$defaultEnginePipeline$1.invoke(DefaultEnginePipeline.kt)
	io.ktor.util.pipeline.PipelineJvmKt.pipelineStartCoroutineUninterceptedOrReturn(PipelineJvm.kt:15)
	io.ktor.util.pipeline.SuspendFunctionGun.loop(SuspendFunctionGun.kt:131)
	io.ktor.util.pipeline.SuspendFunctionGun.proceed(SuspendFunctionGun.kt:89)
	io.ktor.util.pipeline.SuspendFunctionGun.execute$ktor_utils(SuspendFunctionGun.kt:109)
	io.ktor.util.pipeline.Pipeline.execute(Pipeline.kt:92)
	io.ktor.server.netty.NettyApplicationCallHandler$handleRequest$1$invokeSuspend$$inlined$execute$1.invokeSuspend(Pipeline.kt:481)
	io.ktor.server.netty.NettyApplicationCallHandler$handleRequest$1$invokeSuspend$$inlined$execute$1.invoke(Pipeline.kt)
	io.ktor.server.netty.NettyApplicationCallHandler$handleRequest$1$invokeSuspend$$inlined$execute$1.invoke(Pipeline.kt)
	io.ktor.util.debug.ContextUtilsKt$initContextInDebugMode$2.invokeSuspend(ContextUtils.kt:22)
	io.ktor.util.debug.ContextUtilsKt$initContextInDebugMode$2.invoke(ContextUtils.kt)
	io.ktor.util.debug.ContextUtilsKt$initContextInDebugMode$2.invoke(ContextUtils.kt)
	kotlinx.coroutines.intrinsics.UndispatchedKt.startUndispatchedOrReturn(Undispatched.kt:43)
	kotlinx.coroutines.BuildersKt__Builders_commonKt.withContext(Builders.common.kt:166)
	kotlinx.coroutines.BuildersKt.withContext(Unknown Source)
	io.ktor.util.debug.ContextUtilsKt.initContextInDebugMode(ContextUtils.kt:22)
	io.ktor.server.netty.NettyApplicationCallHandler$handleRequest$1.invokeSuspend(NettyApplicationCallHandler.kt:140)
	io.ktor.server.netty.NettyApplicationCallHandler$handleRequest$1.invoke(NettyApplicationCallHandler.kt)
	io.ktor.server.netty.NettyApplicationCallHandler$handleRequest$1.invoke(NettyApplicationCallHandler.kt)
	kotlinx.coroutines.intrinsics.UndispatchedKt.startCoroutineUndispatched(Undispatched.kt:20)
	kotlinx.coroutines.CoroutineStart.invoke(CoroutineStart.kt:360)
	kotlinx.coroutines.AbstractCoroutine.start(AbstractCoroutine.kt:134)
	kotlinx.coroutines.BuildersKt__Builders_commonKt.launch(Builders.common.kt:52)
	kotlinx.coroutines.BuildersKt.launch(Unknown Source)
	io.ktor.server.netty.NettyApplicationCallHandler.handleRequest(NettyApplicationCallHandler.kt:41)
	io.ktor.server.netty.NettyApplicationCallHandler.channelRead(NettyApplicationCallHandler.kt:33)
	io.netty.channel.AbstractChannelHandlerContext.invokeChannelRead(AbstractChannelHandlerContext.java:444)
	io.netty.channel.AbstractChannelHandlerContext.access$600(AbstractChannelHandlerContext.java:61)
	io.netty.channel.AbstractChannelHandlerContext$7.run(AbstractChannelHandlerContext.java:425)
	io.netty.util.concurrent.AbstractEventExecutor.runTask$$$capture(AbstractEventExecutor.java:173)
	io.netty.util.concurrent.AbstractEventExecutor.runTask(AbstractEventExecutor.java)
	io.netty.util.concurrent.AbstractEventExecutor.safeExecute$$$capture(AbstractEventExecutor.java:166)
	io.netty.util.concurrent.AbstractEventExecutor.safeExecute(AbstractEventExecutor.java)
	io.netty.util.concurrent.SingleThreadEventExecutor.runAllTasks(SingleThreadEventExecutor.java:472)
	io.netty.channel.nio.NioEventLoop.run(NioEventLoop.java:569)
	io.netty.util.concurrent.SingleThreadEventExecutor$4.run(SingleThreadEventExecutor.java:997)
	io.netty.util.internal.ThreadExecutorMap$2.run(ThreadExecutorMap.java:74)
	io.netty.util.concurrent.FastThreadLocalRunnable.run(FastThreadLocalRunnable.java:30)
	java.base/java.lang.Thread.run(Thread.java:1583)
[2025-04-13 00:44:56,133]-[eventLoopGroupProxy-4-3 @call-handler#14] INFO  Application - [31m500 Internal Server Error[m: [36mPOST[m - /v1/auth/login in 84ms
[2025-04-13 00:46:05,445]-[main] INFO  Application - Autoreload is disabled because the development mode is off.
[2025-04-13 00:46:07,920]-[main] INFO  Exposed - Preparing create tables statements took 302ms
[2025-04-13 00:46:07,979]-[main] INFO  Exposed - Executing create tables statements took 59ms
[2025-04-13 00:46:08,259]-[main] INFO  Exposed - Extracting table columns took 280ms
[2025-04-13 00:46:08,323]-[main] INFO  Exposed - Extracting primary keys took 63ms
[2025-04-13 00:46:08,515]-[main] INFO  Exposed - Extracting column constraints took 185ms
[2025-04-13 00:46:08,516]-[main] INFO  Exposed - Preparing alter table statements took 537ms
[2025-04-13 00:46:08,561]-[main] INFO  Exposed - Executing alter table statements took 45ms
[2025-04-13 00:46:08,723]-[main] INFO  Exposed - Checking mapping consistence took 162ms
[2025-04-13 00:46:08,779]-[main] INFO  Exposed - Preparing create tables statements took 52ms
[2025-04-13 00:46:08,824]-[main] INFO  Exposed - Executing create tables statements took 45ms
[2025-04-13 00:46:08,878]-[main] INFO  Exposed - Extracting table columns took 53ms
[2025-04-13 00:46:08,927]-[main] INFO  Exposed - Extracting primary keys took 49ms
[2025-04-13 00:46:09,039]-[main] INFO  Exposed - Extracting column constraints took 109ms
[2025-04-13 00:46:09,040]-[main] INFO  Exposed - Preparing alter table statements took 216ms
[2025-04-13 00:46:09,087]-[main] INFO  Exposed - Executing alter table statements took 46ms
[2025-04-13 00:46:09,232]-[main] INFO  Exposed - Checking mapping consistence took 144ms
[2025-04-13 00:46:09,307]-[main] INFO  Exposed - Preparing create tables statements took 51ms
[2025-04-13 00:46:09,352]-[main] INFO  Exposed - Executing create tables statements took 44ms
[2025-04-13 00:46:09,406]-[main] INFO  Exposed - Extracting table columns took 54ms
[2025-04-13 00:46:09,455]-[main] INFO  Exposed - Extracting primary keys took 48ms
[2025-04-13 00:46:10,146]-[main] INFO  Exposed - Extracting column constraints took 689ms
[2025-04-13 00:46:10,147]-[main] INFO  Exposed - Preparing alter table statements took 795ms
[2025-04-13 00:46:10,193]-[main] INFO  Exposed - Executing alter table statements took 46ms
[2025-04-13 00:46:10,335]-[main] INFO  Exposed - Checking mapping consistence took 141ms
[2025-04-13 00:46:10,384]-[main] INFO  Exposed - Preparing create tables statements took 48ms
[2025-04-13 00:46:10,428]-[main] INFO  Exposed - Executing create tables statements took 43ms
[2025-04-13 00:46:10,476]-[main] INFO  Exposed - Extracting table columns took 47ms
[2025-04-13 00:46:10,524]-[main] INFO  Exposed - Extracting primary keys took 48ms
[2025-04-13 00:46:10,860]-[main] INFO  Exposed - Extracting column constraints took 335ms
[2025-04-13 00:46:10,860]-[main] INFO  Exposed - Preparing alter table statements took 431ms
[2025-04-13 00:46:10,904]-[main] INFO  Exposed - Executing alter table statements took 44ms
[2025-04-13 00:46:11,045]-[main] INFO  Exposed - Checking mapping consistence took 140ms
[2025-04-13 00:46:11,096]-[main] INFO  Exposed - Preparing create tables statements took 47ms
[2025-04-13 00:46:11,141]-[main] INFO  Exposed - Executing create tables statements took 45ms
[2025-04-13 00:46:11,191]-[main] INFO  Exposed - Extracting table columns took 50ms
[2025-04-13 00:46:11,239]-[main] INFO  Exposed - Extracting primary keys took 47ms
[2025-04-13 00:46:11,953]-[main] INFO  Exposed - Extracting column constraints took 711ms
[2025-04-13 00:46:11,955]-[main] INFO  Exposed - Preparing alter table statements took 814ms
[2025-04-13 00:46:12,003]-[main] INFO  Exposed - Executing alter table statements took 48ms
[2025-04-13 00:46:12,145]-[main] INFO  Exposed - Checking mapping consistence took 141ms
[2025-04-13 00:46:12,200]-[main] INFO  Exposed - Preparing create tables statements took 49ms
[2025-04-13 00:46:12,245]-[main] INFO  Exposed - Executing create tables statements took 44ms
[2025-04-13 00:46:12,302]-[main] INFO  Exposed - Extracting table columns took 56ms
[2025-04-13 00:46:12,349]-[main] INFO  Exposed - Extracting primary keys took 47ms
[2025-04-13 00:46:13,257]-[main] INFO  Exposed - Extracting column constraints took 907ms
[2025-04-13 00:46:13,258]-[main] INFO  Exposed - Preparing alter table statements took 1012ms
[2025-04-13 00:46:13,304]-[main] INFO  Exposed - Executing alter table statements took 46ms
[2025-04-13 00:46:13,444]-[main] INFO  Exposed - Checking mapping consistence took 140ms
[2025-04-13 00:46:13,493]-[main] INFO  Exposed - Preparing create tables statements took 48ms
[2025-04-13 00:46:13,538]-[main] INFO  Exposed - Executing create tables statements took 44ms
[2025-04-13 00:46:13,587]-[main] INFO  Exposed - Extracting table columns took 48ms
[2025-04-13 00:46:13,634]-[main] INFO  Exposed - Extracting primary keys took 46ms
[2025-04-13 00:46:13,859]-[main] INFO  Exposed - Extracting column constraints took 224ms
[2025-04-13 00:46:13,859]-[main] INFO  Exposed - Preparing alter table statements took 320ms
[2025-04-13 00:46:13,905]-[main] INFO  Exposed - Executing alter table statements took 46ms
[2025-04-13 00:46:14,047]-[main] INFO  Exposed - Checking mapping consistence took 142ms
[2025-04-13 00:46:14,099]-[main] INFO  Exposed - Preparing create tables statements took 51ms
[2025-04-13 00:46:14,144]-[main] INFO  Exposed - Executing create tables statements took 45ms
[2025-04-13 00:46:14,201]-[main] INFO  Exposed - Extracting table columns took 57ms
[2025-04-13 00:46:14,248]-[main] INFO  Exposed - Extracting primary keys took 47ms
[2025-04-13 00:46:14,474]-[main] INFO  Exposed - Extracting column constraints took 224ms
[2025-04-13 00:46:14,475]-[main] INFO  Exposed - Preparing alter table statements took 331ms
[2025-04-13 00:46:14,520]-[main] INFO  Exposed - Executing alter table statements took 45ms
[2025-04-13 00:46:14,659]-[main] INFO  Exposed - Checking mapping consistence took 138ms
[2025-04-13 00:46:14,711]-[main] INFO  Exposed - Preparing create tables statements took 49ms
[2025-04-13 00:46:14,756]-[main] INFO  Exposed - Executing create tables statements took 45ms
[2025-04-13 00:46:14,804]-[main] INFO  Exposed - Extracting table columns took 48ms
[2025-04-13 00:46:14,851]-[main] INFO  Exposed - Extracting primary keys took 46ms
[2025-04-13 00:46:15,194]-[main] INFO  Exposed - Extracting column constraints took 342ms
[2025-04-13 00:46:15,194]-[main] INFO  Exposed - Preparing alter table statements took 438ms
[2025-04-13 00:46:15,240]-[main] INFO  Exposed - Executing alter table statements took 45ms
[2025-04-13 00:46:15,392]-[main] INFO  Exposed - Checking mapping consistence took 151ms
[2025-04-13 00:46:15,441]-[main] INFO  Exposed - Preparing create tables statements took 48ms
[2025-04-13 00:46:15,485]-[main] INFO  Exposed - Executing create tables statements took 43ms
[2025-04-13 00:46:15,532]-[main] INFO  Exposed - Extracting table columns took 47ms
[2025-04-13 00:46:15,585]-[main] INFO  Exposed - Extracting primary keys took 53ms
[2025-04-13 00:46:15,813]-[main] INFO  Exposed - Extracting column constraints took 227ms
[2025-04-13 00:46:15,813]-[main] INFO  Exposed - Preparing alter table statements took 328ms
[2025-04-13 00:46:15,858]-[main] INFO  Exposed - Executing alter table statements took 44ms
[2025-04-13 00:46:15,995]-[main] INFO  Exposed - Checking mapping consistence took 137ms
[2025-04-13 00:46:16,049]-[main] INFO  Exposed - Preparing create tables statements took 52ms
[2025-04-13 00:46:16,093]-[main] INFO  Exposed - Executing create tables statements took 44ms
[2025-04-13 00:46:16,145]-[main] INFO  Exposed - Extracting table columns took 51ms
[2025-04-13 00:46:16,192]-[main] INFO  Exposed - Extracting primary keys took 46ms
[2025-04-13 00:46:16,427]-[main] INFO  Exposed - Extracting column constraints took 234ms
[2025-04-13 00:46:16,427]-[main] INFO  Exposed - Preparing alter table statements took 333ms
[2025-04-13 00:46:16,474]-[main] INFO  Exposed - Executing alter table statements took 45ms
[2025-04-13 00:46:16,612]-[main] INFO  Exposed - Checking mapping consistence took 138ms
[2025-04-13 00:46:16,660]-[main] INFO  Exposed - Preparing create tables statements took 46ms
[2025-04-13 00:46:16,704]-[main] INFO  Exposed - Executing create tables statements took 44ms
[2025-04-13 00:46:16,752]-[main] INFO  Exposed - Extracting table columns took 47ms
[2025-04-13 00:46:16,799]-[main] INFO  Exposed - Extracting primary keys took 46ms
[2025-04-13 00:46:17,550]-[main] INFO  Exposed - Extracting column constraints took 750ms
[2025-04-13 00:46:17,551]-[main] INFO  Exposed - Preparing alter table statements took 846ms
[2025-04-13 00:46:17,598]-[main] INFO  Exposed - Executing alter table statements took 47ms
[2025-04-13 00:46:17,845]-[main] INFO  Exposed - Checking mapping consistence took 246ms
[2025-04-13 00:46:18,252]-[main] INFO  Exposed - Preparing create tables statements took 403ms
[2025-04-13 00:46:18,297]-[main] INFO  Exposed - Executing create tables statements took 44ms
[2025-04-13 00:46:18,347]-[main] INFO  Exposed - Extracting table columns took 49ms
[2025-04-13 00:46:18,393]-[main] INFO  Exposed - Extracting primary keys took 45ms
[2025-04-13 00:46:20,141]-[main] INFO  Exposed - Extracting column constraints took 1748ms
[2025-04-13 00:46:20,142]-[main] INFO  Exposed - Preparing alter table statements took 1844ms
[2025-04-13 00:46:20,188]-[main] INFO  Exposed - Executing alter table statements took 45ms
[2025-04-13 00:46:20,329]-[main] INFO  Exposed - Checking mapping consistence took 140ms
[2025-04-13 00:46:20,377]-[main] INFO  Exposed - Preparing create tables statements took 48ms
[2025-04-13 00:46:20,423]-[main] INFO  Exposed - Executing create tables statements took 45ms
[2025-04-13 00:46:20,472]-[main] INFO  Exposed - Extracting table columns took 48ms
[2025-04-13 00:46:20,520]-[main] INFO  Exposed - Extracting primary keys took 48ms
[2025-04-13 00:46:20,632]-[main] INFO  Exposed - Extracting column constraints took 111ms
[2025-04-13 00:46:20,633]-[main] INFO  Exposed - Preparing alter table statements took 209ms
[2025-04-13 00:46:20,685]-[main] INFO  Exposed - Executing alter table statements took 52ms
[2025-04-13 00:46:20,823]-[main] INFO  Exposed - Checking mapping consistence took 137ms
[2025-04-13 00:46:20,873]-[main] INFO  Exposed - Preparing create tables statements took 47ms
[2025-04-13 00:46:20,917]-[main] INFO  Exposed - Executing create tables statements took 44ms
[2025-04-13 00:46:20,968]-[main] INFO  Exposed - Extracting table columns took 50ms
[2025-04-13 00:46:21,017]-[main] INFO  Exposed - Extracting primary keys took 49ms
[2025-04-13 00:46:21,374]-[main] INFO  Exposed - Extracting column constraints took 356ms
[2025-04-13 00:46:21,375]-[main] INFO  Exposed - Preparing alter table statements took 457ms
[2025-04-13 00:46:21,421]-[main] INFO  Exposed - Executing alter table statements took 46ms
[2025-04-13 00:46:21,561]-[main] INFO  Exposed - Checking mapping consistence took 139ms
[2025-04-13 00:46:21,612]-[main] INFO  Exposed - Preparing create tables statements took 48ms
[2025-04-13 00:46:21,656]-[main] INFO  Exposed - Executing create tables statements took 44ms
[2025-04-13 00:46:21,706]-[main] INFO  Exposed - Extracting table columns took 50ms
[2025-04-13 00:46:21,753]-[main] INFO  Exposed - Extracting primary keys took 47ms
[2025-04-13 00:46:22,429]-[main] INFO  Exposed - Extracting column constraints took 676ms
[2025-04-13 00:46:22,430]-[main] INFO  Exposed - Preparing alter table statements took 774ms
[2025-04-13 00:46:22,476]-[main] INFO  Exposed - Executing alter table statements took 46ms
[2025-04-13 00:46:22,615]-[main] INFO  Exposed - Checking mapping consistence took 137ms
[2025-04-13 00:46:22,662]-[main] INFO  Exposed - Preparing create tables statements took 47ms
[2025-04-13 00:46:22,706]-[main] INFO  Exposed - Executing create tables statements took 43ms
[2025-04-13 00:46:22,762]-[main] INFO  Exposed - Extracting table columns took 56ms
[2025-04-13 00:46:22,808]-[main] INFO  Exposed - Extracting primary keys took 46ms
[2025-04-13 00:46:22,918]-[main] INFO  Exposed - Extracting column constraints took 109ms
[2025-04-13 00:46:22,918]-[main] INFO  Exposed - Preparing alter table statements took 212ms
[2025-04-13 00:46:22,962]-[main] INFO  Exposed - Executing alter table statements took 44ms
[2025-04-13 00:46:23,099]-[main] INFO  Exposed - Checking mapping consistence took 137ms
[2025-04-13 00:46:23,145]-[main] INFO  Exposed - Preparing create tables statements took 46ms
[2025-04-13 00:46:23,190]-[main] INFO  Exposed - Executing create tables statements took 44ms
[2025-04-13 00:46:23,240]-[main] INFO  Exposed - Extracting table columns took 49ms
[2025-04-13 00:46:23,287]-[main] INFO  Exposed - Extracting primary keys took 47ms
[2025-04-13 00:46:23,522]-[main] INFO  Exposed - Extracting column constraints took 235ms
[2025-04-13 00:46:23,522]-[main] INFO  Exposed - Preparing alter table statements took 331ms
[2025-04-13 00:46:23,567]-[main] INFO  Exposed - Executing alter table statements took 44ms
[2025-04-13 00:46:23,704]-[main] INFO  Exposed - Checking mapping consistence took 136ms
[2025-04-13 00:46:23,752]-[main] INFO  Exposed - Preparing create tables statements took 46ms
[2025-04-13 00:46:23,797]-[main] INFO  Exposed - Executing create tables statements took 44ms
[2025-04-13 00:46:23,847]-[main] INFO  Exposed - Extracting table columns took 49ms
[2025-04-13 00:46:23,894]-[main] INFO  Exposed - Extracting primary keys took 46ms
[2025-04-13 00:46:24,452]-[main] INFO  Exposed - Extracting column constraints took 556ms
[2025-04-13 00:46:24,452]-[main] INFO  Exposed - Preparing alter table statements took 654ms
[2025-04-13 00:46:24,498]-[main] INFO  Exposed - Executing alter table statements took 46ms
[2025-04-13 00:46:24,637]-[main] INFO  Exposed - Checking mapping consistence took 138ms
[2025-04-13 00:46:24,686]-[main] INFO  Exposed - Preparing create tables statements took 47ms
[2025-04-13 00:46:24,732]-[main] INFO  Exposed - Executing create tables statements took 45ms
[2025-04-13 00:46:24,781]-[main] INFO  Exposed - Extracting table columns took 49ms
[2025-04-13 00:46:24,828]-[main] INFO  Exposed - Extracting primary keys took 47ms
[2025-04-13 00:46:25,160]-[main] INFO  Exposed - Extracting column constraints took 331ms
[2025-04-13 00:46:25,160]-[main] INFO  Exposed - Preparing alter table statements took 428ms
[2025-04-13 00:46:25,208]-[main] INFO  Exposed - Executing alter table statements took 47ms
[2025-04-13 00:46:25,348]-[main] INFO  Exposed - Checking mapping consistence took 140ms
[2025-04-13 00:46:25,399]-[main] INFO  Exposed - Preparing create tables statements took 50ms
[2025-04-13 00:46:25,444]-[main] INFO  Exposed - Executing create tables statements took 44ms
[2025-04-13 00:46:25,490]-[main] INFO  Exposed - Extracting table columns took 45ms
[2025-04-13 00:46:25,537]-[main] INFO  Exposed - Extracting primary keys took 47ms
[2025-04-13 00:46:25,649]-[main] INFO  Exposed - Extracting column constraints took 112ms
[2025-04-13 00:46:25,658]-[main] INFO  Exposed - Preparing alter table statements took 213ms
[2025-04-13 00:46:25,705]-[main] INFO  Exposed - Executing alter table statements took 46ms
[2025-04-13 00:46:25,844]-[main] INFO  Exposed - Checking mapping consistence took 139ms
[2025-04-13 00:46:25,909]-[main] INFO  Exposed - Preparing create tables statements took 49ms
[2025-04-13 00:46:25,970]-[main] INFO  Exposed - Executing create tables statements took 46ms
[2025-04-13 00:46:26,018]-[main] INFO  Exposed - Extracting table columns took 48ms
[2025-04-13 00:46:26,065]-[main] INFO  Exposed - Extracting primary keys took 47ms
[2025-04-13 00:46:26,749]-[main] INFO  Exposed - Extracting column constraints took 683ms
[2025-04-13 00:46:26,750]-[main] INFO  Exposed - Preparing alter table statements took 780ms
[2025-04-13 00:46:26,795]-[main] INFO  Exposed - Executing alter table statements took 45ms
[2025-04-13 00:46:26,936]-[main] INFO  Exposed - Checking mapping consistence took 140ms
[2025-04-13 00:46:26,984]-[main] INFO  Exposed - Preparing create tables statements took 47ms
[2025-04-13 00:46:27,030]-[main] INFO  Exposed - Executing create tables statements took 45ms
[2025-04-13 00:46:27,078]-[main] INFO  Exposed - Extracting table columns took 48ms
[2025-04-13 00:46:27,125]-[main] INFO  Exposed - Extracting primary keys took 47ms
[2025-04-13 00:46:27,481]-[main] INFO  Exposed - Extracting column constraints took 356ms
[2025-04-13 00:46:27,482]-[main] INFO  Exposed - Preparing alter table statements took 452ms
[2025-04-13 00:46:27,527]-[main] INFO  Exposed - Executing alter table statements took 45ms
[2025-04-13 00:46:27,665]-[main] INFO  Exposed - Checking mapping consistence took 137ms
[2025-04-13 00:46:27,718]-[main] INFO  Exposed - Preparing create tables statements took 46ms
[2025-04-13 00:46:27,761]-[main] INFO  Exposed - Executing create tables statements took 43ms
[2025-04-13 00:46:27,810]-[main] INFO  Exposed - Extracting table columns took 48ms
[2025-04-13 00:46:27,856]-[main] INFO  Exposed - Extracting primary keys took 45ms
[2025-04-13 00:46:28,187]-[main] INFO  Exposed - Extracting column constraints took 330ms
[2025-04-13 00:46:28,188]-[main] INFO  Exposed - Preparing alter table statements took 426ms
[2025-04-13 00:46:28,234]-[main] INFO  Exposed - Executing alter table statements took 46ms
[2025-04-13 00:46:28,377]-[main] INFO  Exposed - Checking mapping consistence took 142ms
[2025-04-13 00:46:28,432]-[main] INFO  Exposed - Preparing create tables statements took 46ms
[2025-04-13 00:46:28,477]-[main] INFO  Exposed - Executing create tables statements took 45ms
[2025-04-13 00:46:28,525]-[main] INFO  Exposed - Extracting table columns took 48ms
[2025-04-13 00:46:28,572]-[main] INFO  Exposed - Extracting primary keys took 47ms
[2025-04-13 00:46:28,685]-[main] INFO  Exposed - Extracting column constraints took 112ms
[2025-04-13 00:46:28,685]-[main] INFO  Exposed - Preparing alter table statements took 208ms
[2025-04-13 00:46:28,730]-[main] INFO  Exposed - Executing alter table statements took 45ms
[2025-04-13 00:46:28,866]-[main] INFO  Exposed - Checking mapping consistence took 136ms
[2025-04-13 00:46:28,918]-[main] INFO  Exposed - Preparing create tables statements took 49ms
[2025-04-13 00:46:28,962]-[main] INFO  Exposed - Executing create tables statements took 44ms
[2025-04-13 00:46:29,012]-[main] INFO  Exposed - Extracting table columns took 50ms
[2025-04-13 00:46:29,057]-[main] INFO  Exposed - Extracting primary keys took 45ms
[2025-04-13 00:46:29,390]-[main] INFO  Exposed - Extracting column constraints took 332ms
[2025-04-13 00:46:29,390]-[main] INFO  Exposed - Preparing alter table statements took 428ms
[2025-04-13 00:46:29,436]-[main] INFO  Exposed - Executing alter table statements took 46ms
[2025-04-13 00:46:29,577]-[main] INFO  Exposed - Checking mapping consistence took 139ms
[2025-04-13 00:46:29,627]-[main] INFO  Exposed - Preparing create tables statements took 46ms
[2025-04-13 00:46:29,672]-[main] INFO  Exposed - Executing create tables statements took 44ms
[2025-04-13 00:46:29,722]-[main] INFO  Exposed - Extracting table columns took 49ms
[2025-04-13 00:46:29,770]-[main] INFO  Exposed - Extracting primary keys took 47ms
[2025-04-13 00:46:29,879]-[main] INFO  Exposed - Extracting column constraints took 108ms
[2025-04-13 00:46:29,880]-[main] INFO  Exposed - Preparing alter table statements took 207ms
[2025-04-13 00:46:29,925]-[main] INFO  Exposed - Executing alter table statements took 45ms
[2025-04-13 00:46:30,061]-[main] INFO  Exposed - Checking mapping consistence took 136ms
[2025-04-13 00:46:30,116]-[main] INFO  Exposed - Preparing create tables statements took 46ms
[2025-04-13 00:46:30,160]-[main] INFO  Exposed - Executing create tables statements took 43ms
[2025-04-13 00:46:30,211]-[main] INFO  Exposed - Extracting table columns took 50ms
[2025-04-13 00:46:30,257]-[main] INFO  Exposed - Extracting primary keys took 45ms
[2025-04-13 00:46:30,375]-[main] INFO  Exposed - Extracting column constraints took 117ms
[2025-04-13 00:46:30,375]-[main] INFO  Exposed - Preparing alter table statements took 214ms
[2025-04-13 00:46:30,419]-[main] INFO  Exposed - Executing alter table statements took 43ms
[2025-04-13 00:46:30,557]-[main] INFO  Exposed - Checking mapping consistence took 138ms
[2025-04-13 00:46:30,606]-[main] INFO  Exposed - Preparing create tables statements took 46ms
[2025-04-13 00:46:30,650]-[main] INFO  Exposed - Executing create tables statements took 43ms
[2025-04-13 00:46:30,697]-[main] INFO  Exposed - Extracting table columns took 46ms
[2025-04-13 00:46:30,749]-[main] INFO  Exposed - Extracting primary keys took 52ms
[2025-04-13 00:46:30,862]-[main] INFO  Exposed - Extracting column constraints took 112ms
[2025-04-13 00:46:30,863]-[main] INFO  Exposed - Preparing alter table statements took 212ms
[2025-04-13 00:46:30,908]-[main] INFO  Exposed - Executing alter table statements took 45ms
[2025-04-13 00:46:31,046]-[main] INFO  Exposed - Checking mapping consistence took 137ms
[2025-04-13 00:46:31,097]-[main] INFO  Exposed - Preparing create tables statements took 48ms
[2025-04-13 00:46:31,141]-[main] INFO  Exposed - Executing create tables statements took 44ms
[2025-04-13 00:46:31,190]-[main] INFO  Exposed - Extracting table columns took 48ms
[2025-04-13 00:46:31,236]-[main] INFO  Exposed - Extracting primary keys took 45ms
[2025-04-13 00:46:31,578]-[main] INFO  Exposed - Extracting column constraints took 340ms
[2025-04-13 00:46:31,579]-[main] INFO  Exposed - Preparing alter table statements took 437ms
[2025-04-13 00:46:31,625]-[main] INFO  Exposed - Executing alter table statements took 46ms
[2025-04-13 00:46:31,762]-[main] INFO  Exposed - Checking mapping consistence took 137ms
[2025-04-13 00:46:31,816]-[main] INFO  Exposed - Preparing create tables statements took 47ms
[2025-04-13 00:46:31,860]-[main] INFO  Exposed - Executing create tables statements took 43ms
[2025-04-13 00:46:31,910]-[main] INFO  Exposed - Extracting table columns took 50ms
[2025-04-13 00:46:31,956]-[main] INFO  Exposed - Extracting primary keys took 46ms
[2025-04-13 00:46:32,066]-[main] INFO  Exposed - Extracting column constraints took 109ms
[2025-04-13 00:46:32,066]-[main] INFO  Exposed - Preparing alter table statements took 206ms
[2025-04-13 00:46:32,112]-[main] INFO  Exposed - Executing alter table statements took 46ms
[2025-04-13 00:46:32,247]-[main] INFO  Exposed - Checking mapping consistence took 135ms
[2025-04-13 00:46:32,298]-[main] INFO  Exposed - Preparing create tables statements took 47ms
[2025-04-13 00:46:32,342]-[main] INFO  Exposed - Executing create tables statements took 44ms
[2025-04-13 00:46:32,389]-[main] INFO  Exposed - Extracting table columns took 47ms
[2025-04-13 00:46:32,437]-[main] INFO  Exposed - Extracting primary keys took 48ms
[2025-04-13 00:46:32,551]-[main] INFO  Exposed - Extracting column constraints took 113ms
[2025-04-13 00:46:32,551]-[main] INFO  Exposed - Preparing alter table statements took 209ms
[2025-04-13 00:46:32,596]-[main] INFO  Exposed - Executing alter table statements took 45ms
[2025-04-13 00:46:32,733]-[main] INFO  Exposed - Checking mapping consistence took 136ms
[2025-04-13 00:46:32,786]-[main] INFO  Exposed - Preparing create tables statements took 48ms
[2025-04-13 00:46:32,831]-[main] INFO  Exposed - Executing create tables statements took 45ms
[2025-04-13 00:46:32,879]-[main] INFO  Exposed - Extracting table columns took 48ms
[2025-04-13 00:46:32,925]-[main] INFO  Exposed - Extracting primary keys took 45ms
[2025-04-13 00:46:33,038]-[main] INFO  Exposed - Extracting column constraints took 112ms
[2025-04-13 00:46:33,039]-[main] INFO  Exposed - Preparing alter table statements took 208ms
[2025-04-13 00:46:33,085]-[main] INFO  Exposed - Executing alter table statements took 46ms
[2025-04-13 00:46:33,223]-[main] INFO  Exposed - Checking mapping consistence took 138ms
[2025-04-13 00:46:33,273]-[main] INFO  Exposed - Preparing create tables statements took 46ms
[2025-04-13 00:46:33,317]-[main] INFO  Exposed - Executing create tables statements took 43ms
[2025-04-13 00:46:33,366]-[main] INFO  Exposed - Extracting table columns took 48ms
[2025-04-13 00:46:33,413]-[main] INFO  Exposed - Extracting primary keys took 46ms
[2025-04-13 00:46:34,307]-[main] INFO  Exposed - Extracting column constraints took 893ms
[2025-04-13 00:46:34,308]-[main] INFO  Exposed - Preparing alter table statements took 990ms
[2025-04-13 00:46:34,353]-[main] INFO  Exposed - Executing alter table statements took 45ms
[2025-04-13 00:46:34,491]-[main] INFO  Exposed - Checking mapping consistence took 138ms
[2025-04-13 00:46:34,541]-[main] INFO  Exposed - Preparing create tables statements took 46ms
[2025-04-13 00:46:34,586]-[main] INFO  Exposed - Executing create tables statements took 44ms
[2025-04-13 00:46:34,634]-[main] INFO  Exposed - Extracting table columns took 48ms
[2025-04-13 00:46:34,681]-[main] INFO  Exposed - Extracting primary keys took 46ms
[2025-04-13 00:46:35,622]-[main] INFO  Exposed - Extracting column constraints took 940ms
[2025-04-13 00:46:35,624]-[main] INFO  Exposed - Preparing alter table statements took 1037ms
[2025-04-13 00:46:35,669]-[main] INFO  Exposed - Executing alter table statements took 45ms
[2025-04-13 00:46:35,809]-[main] INFO  Exposed - Checking mapping consistence took 139ms
[2025-04-13 00:46:35,858]-[main] INFO  Exposed - Preparing create tables statements took 46ms
[2025-04-13 00:46:35,902]-[main] INFO  Exposed - Executing create tables statements took 44ms
[2025-04-13 00:46:35,950]-[main] INFO  Exposed - Extracting table columns took 48ms
[2025-04-13 00:46:36,002]-[main] INFO  Exposed - Extracting primary keys took 52ms
[2025-04-13 00:46:36,118]-[main] INFO  Exposed - Extracting column constraints took 116ms
[2025-04-13 00:46:36,119]-[main] INFO  Exposed - Preparing alter table statements took 217ms
[2025-04-13 00:46:36,164]-[main] INFO  Exposed - Executing alter table statements took 45ms
[2025-04-13 00:46:36,300]-[main] INFO  Exposed - Checking mapping consistence took 136ms
[2025-04-13 00:46:36,350]-[main] INFO  Exposed - Preparing create tables statements took 46ms
[2025-04-13 00:46:36,394]-[main] INFO  Exposed - Executing create tables statements took 43ms
[2025-04-13 00:46:36,443]-[main] INFO  Exposed - Extracting table columns took 48ms
[2025-04-13 00:46:36,490]-[main] INFO  Exposed - Extracting primary keys took 46ms
[2025-04-13 00:46:37,621]-[main] INFO  Exposed - Extracting column constraints took 1131ms
[2025-04-13 00:46:37,622]-[main] INFO  Exposed - Preparing alter table statements took 1227ms
[2025-04-13 00:46:37,667]-[main] INFO  Exposed - Executing alter table statements took 45ms
[2025-04-13 00:46:37,809]-[main] INFO  Exposed - Checking mapping consistence took 141ms
[2025-04-13 00:46:37,857]-[main] INFO  Exposed - Preparing create tables statements took 48ms
[2025-04-13 00:46:37,902]-[main] INFO  Exposed - Executing create tables statements took 44ms
[2025-04-13 00:46:37,949]-[main] INFO  Exposed - Extracting table columns took 47ms
[2025-04-13 00:46:37,996]-[main] INFO  Exposed - Extracting primary keys took 46ms
[2025-04-13 00:46:38,107]-[main] INFO  Exposed - Extracting column constraints took 111ms
[2025-04-13 00:46:38,108]-[main] INFO  Exposed - Preparing alter table statements took 206ms
[2025-04-13 00:46:38,153]-[main] INFO  Exposed - Executing alter table statements took 45ms
[2025-04-13 00:46:38,290]-[main] INFO  Exposed - Checking mapping consistence took 137ms
[2025-04-13 00:46:38,340]-[main] INFO  Exposed - Preparing create tables statements took 47ms
[2025-04-13 00:46:38,385]-[main] INFO  Exposed - Executing create tables statements took 45ms
[2025-04-13 00:46:38,433]-[main] INFO  Exposed - Extracting table columns took 48ms
[2025-04-13 00:46:38,479]-[main] INFO  Exposed - Extracting primary keys took 45ms
[2025-04-13 00:46:38,701]-[main] INFO  Exposed - Extracting column constraints took 221ms
[2025-04-13 00:46:38,701]-[main] INFO  Exposed - Preparing alter table statements took 316ms
[2025-04-13 00:46:38,745]-[main] INFO  Exposed - Executing alter table statements took 44ms
[2025-04-13 00:46:38,882]-[main] INFO  Exposed - Checking mapping consistence took 136ms
[2025-04-13 00:46:38,933]-[main] INFO  Exposed - Preparing create tables statements took 48ms
[2025-04-13 00:46:38,977]-[main] INFO  Exposed - Executing create tables statements took 44ms
[2025-04-13 00:46:39,024]-[main] INFO  Exposed - Extracting table columns took 47ms
[2025-04-13 00:46:39,070]-[main] INFO  Exposed - Extracting primary keys took 45ms
[2025-04-13 00:46:39,877]-[main] INFO  Exposed - Extracting column constraints took 806ms
[2025-04-13 00:46:39,877]-[main] INFO  Exposed - Preparing alter table statements took 900ms
[2025-04-13 00:46:39,923]-[main] INFO  Exposed - Executing alter table statements took 46ms
[2025-04-13 00:46:40,060]-[main] INFO  Exposed - Checking mapping consistence took 137ms
[2025-04-13 00:46:41,310]-[main] INFO  Exposed - Preparing create tables statements took 165ms
[2025-04-13 00:46:41,344]-[main] INFO  Exposed - Executing create tables statements took 32ms
[2025-04-13 00:46:41,385]-[main] INFO  Exposed - Extracting table columns took 41ms
[2025-04-13 00:46:41,421]-[main] INFO  Exposed - Extracting primary keys took 36ms
[2025-04-13 00:46:41,589]-[main] INFO  Exposed - Extracting column constraints took 167ms
[2025-04-13 00:46:41,590]-[main] INFO  Exposed - Preparing alter table statements took 246ms
[2025-04-13 00:46:41,623]-[main] INFO  Exposed - Executing alter table statements took 33ms
[2025-04-13 00:46:41,727]-[main] INFO  Exposed - Checking mapping consistence took 103ms
[2025-04-13 00:46:41,764]-[main] INFO  Exposed - Preparing create tables statements took 34ms
[2025-04-13 00:46:41,795]-[main] INFO  Exposed - Executing create tables statements took 30ms
[2025-04-13 00:46:41,834]-[main] INFO  Exposed - Extracting table columns took 38ms
[2025-04-13 00:46:41,868]-[main] INFO  Exposed - Extracting primary keys took 33ms
[2025-04-13 00:46:41,997]-[main] INFO  Exposed - Extracting column constraints took 129ms
[2025-04-13 00:46:41,998]-[main] INFO  Exposed - Preparing alter table statements took 202ms
[2025-04-13 00:46:42,027]-[main] INFO  Exposed - Executing alter table statements took 29ms
[2025-04-13 00:46:42,128]-[main] INFO  Exposed - Checking mapping consistence took 100ms
[2025-04-13 00:46:42,164]-[main] INFO  Exposed - Preparing create tables statements took 34ms
[2025-04-13 00:46:42,194]-[main] INFO  Exposed - Executing create tables statements took 30ms
[2025-04-13 00:46:42,228]-[main] INFO  Exposed - Extracting table columns took 34ms
[2025-04-13 00:46:42,260]-[main] INFO  Exposed - Extracting primary keys took 31ms
[2025-04-13 00:46:42,405]-[main] INFO  Exposed - Extracting column constraints took 144ms
[2025-04-13 00:46:42,405]-[main] INFO  Exposed - Preparing alter table statements took 211ms
[2025-04-13 00:46:42,436]-[main] INFO  Exposed - Executing alter table statements took 31ms
[2025-04-13 00:46:42,532]-[main] INFO  Exposed - Checking mapping consistence took 96ms
[2025-04-13 00:46:42,567]-[main] INFO  Exposed - Preparing create tables statements took 32ms
[2025-04-13 00:46:42,597]-[main] INFO  Exposed - Executing create tables statements took 29ms
[2025-04-13 00:46:42,633]-[main] INFO  Exposed - Extracting table columns took 35ms
[2025-04-13 00:46:42,664]-[main] INFO  Exposed - Extracting primary keys took 31ms
[2025-04-13 00:46:42,913]-[main] INFO  Exposed - Extracting column constraints took 248ms
[2025-04-13 00:46:42,913]-[main] INFO  Exposed - Preparing alter table statements took 315ms
[2025-04-13 00:46:42,943]-[main] INFO  Exposed - Executing alter table statements took 30ms
[2025-04-13 00:46:43,040]-[main] INFO  Exposed - Checking mapping consistence took 97ms
[2025-04-13 00:46:43,073]-[main] INFO  Exposed - Preparing create tables statements took 32ms
[2025-04-13 00:46:43,103]-[main] INFO  Exposed - Executing create tables statements took 30ms
[2025-04-13 00:46:43,139]-[main] INFO  Exposed - Extracting table columns took 36ms
[2025-04-13 00:46:43,171]-[main] INFO  Exposed - Extracting primary keys took 32ms
[2025-04-13 00:46:43,414]-[main] INFO  Exposed - Extracting column constraints took 243ms
[2025-04-13 00:46:43,414]-[main] INFO  Exposed - Preparing alter table statements took 311ms
[2025-04-13 00:46:43,443]-[main] INFO  Exposed - Executing alter table statements took 29ms
[2025-04-13 00:46:43,541]-[main] INFO  Exposed - Checking mapping consistence took 98ms
[2025-04-13 00:46:43,575]-[main] INFO  Exposed - Preparing create tables statements took 33ms
[2025-04-13 00:46:43,604]-[main] INFO  Exposed - Executing create tables statements took 29ms
[2025-04-13 00:46:43,639]-[main] INFO  Exposed - Extracting table columns took 35ms
[2025-04-13 00:46:43,671]-[main] INFO  Exposed - Extracting primary keys took 32ms
[2025-04-13 00:46:43,915]-[main] INFO  Exposed - Extracting column constraints took 243ms
[2025-04-13 00:46:43,915]-[main] INFO  Exposed - Preparing alter table statements took 311ms
[2025-04-13 00:46:43,950]-[main] INFO  Exposed - Executing alter table statements took 34ms
[2025-04-13 00:46:44,049]-[main] INFO  Exposed - Checking mapping consistence took 98ms
[2025-04-13 00:46:44,083]-[main] INFO  Exposed - Preparing create tables statements took 33ms
[2025-04-13 00:46:44,113]-[main] INFO  Exposed - Executing create tables statements took 30ms
[2025-04-13 00:46:44,149]-[main] INFO  Exposed - Extracting table columns took 35ms
[2025-04-13 00:46:44,182]-[main] INFO  Exposed - Extracting primary keys took 32ms
[2025-04-13 00:46:44,545]-[main] INFO  Exposed - Extracting column constraints took 363ms
[2025-04-13 00:46:44,546]-[main] INFO  Exposed - Preparing alter table statements took 432ms
[2025-04-13 00:46:44,577]-[main] INFO  Exposed - Executing alter table statements took 31ms
[2025-04-13 00:46:44,674]-[main] INFO  Exposed - Checking mapping consistence took 97ms
[2025-04-13 00:46:44,712]-[main] INFO  Exposed - Preparing create tables statements took 35ms
[2025-04-13 00:46:44,743]-[main] INFO  Exposed - Executing create tables statements took 31ms
[2025-04-13 00:46:44,780]-[main] INFO  Exposed - Extracting table columns took 36ms
[2025-04-13 00:46:44,815]-[main] INFO  Exposed - Extracting primary keys took 35ms
[2025-04-13 00:46:45,152]-[main] INFO  Exposed - Extracting column constraints took 336ms
[2025-04-13 00:46:45,152]-[main] INFO  Exposed - Preparing alter table statements took 408ms
[2025-04-13 00:46:45,184]-[main] INFO  Exposed - Executing alter table statements took 30ms
[2025-04-13 00:46:45,282]-[main] INFO  Exposed - Checking mapping consistence took 98ms
[2025-04-13 00:46:45,415]-[main] INFO  [Koin] - Started 36 definitions in 1.952 ms
[2025-04-13 00:46:45,785]-[main] INFO  Application - Application started in 40.593 seconds.
[2025-04-13 00:46:45,786]-[main] INFO  Application - Application started: io.ktor.server.application.Application@3408f695
[2025-04-13 00:46:46,029]-[DefaultDispatcher-worker-1] INFO  Application - Responding at http://localhost:8080
[2025-04-13 00:47:54,352]-[eventLoopGroupProxy-4-1] INFO  Application - [31m401 Unauthorized[m: [36mPOST[m - /v1/auth/login in 1149ms
[2025-04-13 01:03:36,954]-[KtorShutdownHook] INFO  Application - Application stopping: io.ktor.server.application.Application@3408f695
[2025-04-13 01:03:36,966]-[KtorShutdownHook] INFO  Application - Application stopped: io.ktor.server.application.Application@3408f695
[2025-04-13 01:03:39,176]-[main] INFO  Application - Autoreload is disabled because the development mode is off.
[2025-04-13 01:03:42,074]-[main] INFO  Exposed - Preparing create tables statements took 457ms
[2025-04-13 01:03:42,161]-[main] INFO  Exposed - Executing create tables statements took 86ms
[2025-04-13 01:03:42,276]-[main] INFO  Exposed - Extracting table columns took 115ms
[2025-04-13 01:03:42,363]-[main] INFO  Exposed - Extracting primary keys took 86ms
[2025-04-13 01:03:42,601]-[main] INFO  Exposed - Extracting column constraints took 229ms
[2025-04-13 01:03:42,602]-[main] INFO  Exposed - Preparing alter table statements took 441ms
[2025-04-13 01:03:42,671]-[main] INFO  Exposed - Executing alter table statements took 69ms
[2025-04-13 01:03:42,894]-[main] INFO  Exposed - Checking mapping consistence took 223ms
[2025-04-13 01:03:42,968]-[main] INFO  Exposed - Preparing create tables statements took 72ms
[2025-04-13 01:03:43,038]-[main] INFO  Exposed - Executing create tables statements took 70ms
[2025-04-13 01:03:43,117]-[main] INFO  Exposed - Extracting table columns took 78ms
[2025-04-13 01:03:43,188]-[main] INFO  Exposed - Extracting primary keys took 71ms
[2025-04-13 01:03:43,324]-[main] INFO  Exposed - Extracting column constraints took 135ms
[2025-04-13 01:03:43,325]-[main] INFO  Exposed - Preparing alter table statements took 286ms
[2025-04-13 01:03:43,393]-[main] INFO  Exposed - Executing alter table statements took 68ms
[2025-04-13 01:03:43,604]-[main] INFO  Exposed - Checking mapping consistence took 210ms
[2025-04-13 01:03:43,696]-[main] INFO  Exposed - Preparing create tables statements took 73ms
[2025-04-13 01:03:43,765]-[main] INFO  Exposed - Executing create tables statements took 68ms
[2025-04-13 01:03:43,842]-[main] INFO  Exposed - Extracting table columns took 76ms
[2025-04-13 01:03:43,914]-[main] INFO  Exposed - Extracting primary keys took 72ms
[2025-04-13 01:03:44,720]-[main] INFO  Exposed - Extracting column constraints took 805ms
[2025-04-13 01:03:44,720]-[main] INFO  Exposed - Preparing alter table statements took 954ms
[2025-04-13 01:03:44,790]-[main] INFO  Exposed - Executing alter table statements took 70ms
[2025-04-13 01:03:45,000]-[main] INFO  Exposed - Checking mapping consistence took 210ms
[2025-04-13 01:03:45,072]-[main] INFO  Exposed - Preparing create tables statements took 71ms
[2025-04-13 01:03:45,140]-[main] INFO  Exposed - Executing create tables statements took 68ms
[2025-04-13 01:03:45,215]-[main] INFO  Exposed - Extracting table columns took 75ms
[2025-04-13 01:03:45,287]-[main] INFO  Exposed - Extracting primary keys took 71ms
[2025-04-13 01:03:45,704]-[main] INFO  Exposed - Extracting column constraints took 416ms
[2025-04-13 01:03:45,704]-[main] INFO  Exposed - Preparing alter table statements took 564ms
[2025-04-13 01:03:45,775]-[main] INFO  Exposed - Executing alter table statements took 71ms
[2025-04-13 01:03:46,001]-[main] INFO  Exposed - Checking mapping consistence took 226ms
[2025-04-13 01:03:46,080]-[main] INFO  Exposed - Preparing create tables statements took 72ms
[2025-04-13 01:03:46,149]-[main] INFO  Exposed - Executing create tables statements took 68ms
[2025-04-13 01:03:46,223]-[main] INFO  Exposed - Extracting table columns took 74ms
[2025-04-13 01:03:46,295]-[main] INFO  Exposed - Extracting primary keys took 72ms
[2025-04-13 01:03:47,129]-[main] INFO  Exposed - Extracting column constraints took 831ms
[2025-04-13 01:03:47,130]-[main] INFO  Exposed - Preparing alter table statements took 981ms
[2025-04-13 01:03:47,201]-[main] INFO  Exposed - Executing alter table statements took 71ms
[2025-04-13 01:03:47,416]-[main] INFO  Exposed - Checking mapping consistence took 215ms
[2025-04-13 01:03:47,496]-[main] INFO  Exposed - Preparing create tables statements took 75ms
[2025-04-13 01:03:47,566]-[main] INFO  Exposed - Executing create tables statements took 69ms
[2025-04-13 01:03:47,642]-[main] INFO  Exposed - Extracting table columns took 76ms
[2025-04-13 01:03:47,714]-[main] INFO  Exposed - Extracting primary keys took 72ms
[2025-04-13 01:03:48,810]-[main] INFO  Exposed - Extracting column constraints took 1095ms
[2025-04-13 01:03:48,811]-[main] INFO  Exposed - Preparing alter table statements took 1245ms
[2025-04-13 01:03:48,882]-[main] INFO  Exposed - Executing alter table statements took 70ms
[2025-04-13 01:03:49,096]-[main] INFO  Exposed - Checking mapping consistence took 213ms
[2025-04-13 01:03:49,170]-[main] INFO  Exposed - Preparing create tables statements took 74ms
[2025-04-13 01:03:49,240]-[main] INFO  Exposed - Executing create tables statements took 69ms
[2025-04-13 01:03:49,313]-[main] INFO  Exposed - Extracting table columns took 73ms
[2025-04-13 01:03:49,384]-[main] INFO  Exposed - Extracting primary keys took 71ms
[2025-04-13 01:03:49,649]-[main] INFO  Exposed - Extracting column constraints took 265ms
[2025-04-13 01:03:49,649]-[main] INFO  Exposed - Preparing alter table statements took 409ms
[2025-04-13 01:03:49,719]-[main] INFO  Exposed - Executing alter table statements took 70ms
[2025-04-13 01:03:49,932]-[main] INFO  Exposed - Checking mapping consistence took 213ms
[2025-04-13 01:03:50,004]-[main] INFO  Exposed - Preparing create tables statements took 71ms
[2025-04-13 01:03:50,072]-[main] INFO  Exposed - Executing create tables statements took 68ms
[2025-04-13 01:03:50,146]-[main] INFO  Exposed - Extracting table columns took 74ms
[2025-04-13 01:03:50,217]-[main] INFO  Exposed - Extracting primary keys took 70ms
[2025-04-13 01:03:50,490]-[main] INFO  Exposed - Extracting column constraints took 271ms
[2025-04-13 01:03:50,491]-[main] INFO  Exposed - Preparing alter table statements took 419ms
[2025-04-13 01:03:50,561]-[main] INFO  Exposed - Executing alter table statements took 70ms
[2025-04-13 01:03:50,779]-[main] INFO  Exposed - Checking mapping consistence took 217ms
[2025-04-13 01:03:50,854]-[main] INFO  Exposed - Preparing create tables statements took 73ms
[2025-04-13 01:03:50,924]-[main] INFO  Exposed - Executing create tables statements took 69ms
[2025-04-13 01:03:50,998]-[main] INFO  Exposed - Extracting table columns took 73ms
[2025-04-13 01:03:51,092]-[main] INFO  Exposed - Extracting primary keys took 93ms
[2025-04-13 01:03:51,621]-[main] INFO  Exposed - Extracting column constraints took 529ms
[2025-04-13 01:03:51,621]-[main] INFO  Exposed - Preparing alter table statements took 696ms
[2025-04-13 01:03:51,692]-[main] INFO  Exposed - Executing alter table statements took 70ms
[2025-04-13 01:03:51,904]-[main] INFO  Exposed - Checking mapping consistence took 211ms
[2025-04-13 01:03:51,975]-[main] INFO  Exposed - Preparing create tables statements took 71ms
[2025-04-13 01:03:52,044]-[main] INFO  Exposed - Executing create tables statements took 69ms
[2025-04-13 01:03:52,116]-[main] INFO  Exposed - Extracting table columns took 72ms
[2025-04-13 01:03:52,188]-[main] INFO  Exposed - Extracting primary keys took 71ms
[2025-04-13 01:03:52,455]-[main] INFO  Exposed - Extracting column constraints took 267ms
[2025-04-13 01:03:52,455]-[main] INFO  Exposed - Preparing alter table statements took 411ms
[2025-04-13 01:03:52,523]-[main] INFO  Exposed - Executing alter table statements took 68ms
[2025-04-13 01:03:52,734]-[main] INFO  Exposed - Checking mapping consistence took 210ms
[2025-04-13 01:03:52,807]-[main] INFO  Exposed - Preparing create tables statements took 71ms
[2025-04-13 01:03:52,876]-[main] INFO  Exposed - Executing create tables statements took 69ms
[2025-04-13 01:03:52,953]-[main] INFO  Exposed - Extracting table columns took 77ms
[2025-04-13 01:03:53,024]-[main] INFO  Exposed - Extracting primary keys took 70ms
[2025-04-13 01:03:53,302]-[main] INFO  Exposed - Extracting column constraints took 276ms
[2025-04-13 01:03:53,302]-[main] INFO  Exposed - Preparing alter table statements took 426ms
[2025-04-13 01:03:53,372]-[main] INFO  Exposed - Executing alter table statements took 69ms
[2025-04-13 01:03:53,582]-[main] INFO  Exposed - Checking mapping consistence took 209ms
[2025-04-13 01:03:53,654]-[main] INFO  Exposed - Preparing create tables statements took 70ms
[2025-04-13 01:03:53,723]-[main] INFO  Exposed - Executing create tables statements took 69ms
[2025-04-13 01:03:53,795]-[main] INFO  Exposed - Extracting table columns took 72ms
[2025-04-13 01:03:53,865]-[main] INFO  Exposed - Extracting primary keys took 70ms
[2025-04-13 01:03:54,547]-[main] INFO  Exposed - Extracting column constraints took 681ms
[2025-04-13 01:03:54,548]-[main] INFO  Exposed - Preparing alter table statements took 825ms
[2025-04-13 01:03:54,617]-[main] INFO  Exposed - Executing alter table statements took 69ms
[2025-04-13 01:03:54,833]-[main] INFO  Exposed - Checking mapping consistence took 215ms
[2025-04-13 01:03:54,906]-[main] INFO  Exposed - Preparing create tables statements took 71ms
[2025-04-13 01:03:54,975]-[main] INFO  Exposed - Executing create tables statements took 68ms
[2025-04-13 01:03:55,047]-[main] INFO  Exposed - Extracting table columns took 72ms
[2025-04-13 01:03:55,119]-[main] INFO  Exposed - Extracting primary keys took 72ms
[2025-04-13 01:03:55,525]-[main] INFO  Exposed - Extracting column constraints took 406ms
[2025-04-13 01:03:55,526]-[main] INFO  Exposed - Preparing alter table statements took 551ms
[2025-04-13 01:03:55,596]-[main] INFO  Exposed - Executing alter table statements took 70ms
[2025-04-13 01:03:55,807]-[main] INFO  Exposed - Checking mapping consistence took 210ms
[2025-04-13 01:03:55,880]-[main] INFO  Exposed - Preparing create tables statements took 73ms
[2025-04-13 01:03:55,948]-[main] INFO  Exposed - Executing create tables statements took 68ms
[2025-04-13 01:03:56,019]-[main] INFO  Exposed - Extracting table columns took 70ms
[2025-04-13 01:03:56,090]-[main] INFO  Exposed - Extracting primary keys took 70ms
[2025-04-13 01:03:56,222]-[main] INFO  Exposed - Extracting column constraints took 132ms
[2025-04-13 01:03:56,223]-[main] INFO  Exposed - Preparing alter table statements took 274ms
[2025-04-13 01:03:56,293]-[main] INFO  Exposed - Executing alter table statements took 70ms
[2025-04-13 01:03:56,507]-[main] INFO  Exposed - Checking mapping consistence took 213ms
[2025-04-13 01:03:56,584]-[main] INFO  Exposed - Preparing create tables statements took 74ms
[2025-04-13 01:03:56,655]-[main] INFO  Exposed - Executing create tables statements took 69ms
[2025-04-13 01:03:56,729]-[main] INFO  Exposed - Extracting table columns took 74ms
[2025-04-13 01:03:56,800]-[main] INFO  Exposed - Extracting primary keys took 71ms
[2025-04-13 01:03:57,211]-[main] INFO  Exposed - Extracting column constraints took 410ms
[2025-04-13 01:03:57,211]-[main] INFO  Exposed - Preparing alter table statements took 556ms
[2025-04-13 01:03:57,280]-[main] INFO  Exposed - Executing alter table statements took 69ms
[2025-04-13 01:03:57,490]-[main] INFO  Exposed - Checking mapping consistence took 210ms
[2025-04-13 01:03:57,563]-[main] INFO  Exposed - Preparing create tables statements took 71ms
[2025-04-13 01:03:57,631]-[main] INFO  Exposed - Executing create tables statements took 68ms
[2025-04-13 01:03:57,702]-[main] INFO  Exposed - Extracting table columns took 71ms
[2025-04-13 01:03:57,772]-[main] INFO  Exposed - Extracting primary keys took 70ms
[2025-04-13 01:03:58,670]-[main] INFO  Exposed - Extracting column constraints took 898ms
[2025-04-13 01:03:58,671]-[main] INFO  Exposed - Preparing alter table statements took 1040ms
[2025-04-13 01:03:58,742]-[main] INFO  Exposed - Executing alter table statements took 71ms
[2025-04-13 01:03:58,957]-[main] INFO  Exposed - Checking mapping consistence took 214ms
[2025-04-13 01:03:59,032]-[main] INFO  Exposed - Preparing create tables statements took 74ms
[2025-04-13 01:03:59,102]-[main] INFO  Exposed - Executing create tables statements took 70ms
[2025-04-13 01:03:59,175]-[main] INFO  Exposed - Extracting table columns took 73ms
[2025-04-13 01:03:59,246]-[main] INFO  Exposed - Extracting primary keys took 70ms
[2025-04-13 01:03:59,382]-[main] INFO  Exposed - Extracting column constraints took 135ms
[2025-04-13 01:03:59,382]-[main] INFO  Exposed - Preparing alter table statements took 280ms
[2025-04-13 01:03:59,453]-[main] INFO  Exposed - Executing alter table statements took 71ms
[2025-04-13 01:03:59,663]-[main] INFO  Exposed - Checking mapping consistence took 210ms
[2025-04-13 01:03:59,736]-[main] INFO  Exposed - Preparing create tables statements took 72ms
[2025-04-13 01:03:59,806]-[main] INFO  Exposed - Executing create tables statements took 70ms
[2025-04-13 01:03:59,878]-[main] INFO  Exposed - Extracting table columns took 72ms
[2025-04-13 01:03:59,952]-[main] INFO  Exposed - Extracting primary keys took 74ms
[2025-04-13 01:04:00,219]-[main] INFO  Exposed - Extracting column constraints took 267ms
[2025-04-13 01:04:00,219]-[main] INFO  Exposed - Preparing alter table statements took 413ms
[2025-04-13 01:04:00,288]-[main] INFO  Exposed - Executing alter table statements took 69ms
[2025-04-13 01:04:00,500]-[main] INFO  Exposed - Checking mapping consistence took 211ms
[2025-04-13 01:04:00,573]-[main] INFO  Exposed - Preparing create tables statements took 72ms
[2025-04-13 01:04:00,642]-[main] INFO  Exposed - Executing create tables statements took 69ms
[2025-04-13 01:04:00,714]-[main] INFO  Exposed - Extracting table columns took 72ms
[2025-04-13 01:04:00,785]-[main] INFO  Exposed - Extracting primary keys took 71ms
[2025-04-13 01:04:01,485]-[main] INFO  Exposed - Extracting column constraints took 700ms
[2025-04-13 01:04:01,485]-[main] INFO  Exposed - Preparing alter table statements took 843ms
[2025-04-13 01:04:01,554]-[main] INFO  Exposed - Executing alter table statements took 69ms
[2025-04-13 01:04:01,764]-[main] INFO  Exposed - Checking mapping consistence took 210ms
[2025-04-13 01:04:01,839]-[main] INFO  Exposed - Preparing create tables statements took 72ms
[2025-04-13 01:04:01,908]-[main] INFO  Exposed - Executing create tables statements took 69ms
[2025-04-13 01:04:01,981]-[main] INFO  Exposed - Extracting table columns took 72ms
[2025-04-13 01:04:02,051]-[main] INFO  Exposed - Extracting primary keys took 69ms
[2025-04-13 01:04:02,467]-[main] INFO  Exposed - Extracting column constraints took 416ms
[2025-04-13 01:04:02,468]-[main] INFO  Exposed - Preparing alter table statements took 559ms
[2025-04-13 01:04:02,538]-[main] INFO  Exposed - Executing alter table statements took 70ms
[2025-04-13 01:04:02,757]-[main] INFO  Exposed - Checking mapping consistence took 219ms
[2025-04-13 01:04:02,831]-[main] INFO  Exposed - Preparing create tables statements took 73ms
[2025-04-13 01:04:02,900]-[main] INFO  Exposed - Executing create tables statements took 69ms
[2025-04-13 01:04:02,972]-[main] INFO  Exposed - Extracting table columns took 72ms
[2025-04-13 01:04:03,043]-[main] INFO  Exposed - Extracting primary keys took 70ms
[2025-04-13 01:04:03,179]-[main] INFO  Exposed - Extracting column constraints took 135ms
[2025-04-13 01:04:03,179]-[main] INFO  Exposed - Preparing alter table statements took 279ms
[2025-04-13 01:04:03,248]-[main] INFO  Exposed - Executing alter table statements took 69ms
[2025-04-13 01:04:03,461]-[main] INFO  Exposed - Checking mapping consistence took 212ms
[2025-04-13 01:04:03,534]-[main] INFO  Exposed - Preparing create tables statements took 71ms
[2025-04-13 01:04:03,602]-[main] INFO  Exposed - Executing create tables statements took 67ms
[2025-04-13 01:04:03,674]-[main] INFO  Exposed - Extracting table columns took 71ms
[2025-04-13 01:04:03,745]-[main] INFO  Exposed - Extracting primary keys took 71ms
[2025-04-13 01:04:04,558]-[main] INFO  Exposed - Extracting column constraints took 812ms
[2025-04-13 01:04:04,558]-[main] INFO  Exposed - Preparing alter table statements took 955ms
[2025-04-13 01:04:04,629]-[main] INFO  Exposed - Executing alter table statements took 71ms
[2025-04-13 01:04:04,842]-[main] INFO  Exposed - Checking mapping consistence took 212ms
[2025-04-13 01:04:04,915]-[main] INFO  Exposed - Preparing create tables statements took 73ms
[2025-04-13 01:04:04,984]-[main] INFO  Exposed - Executing create tables statements took 69ms
[2025-04-13 01:04:05,056]-[main] INFO  Exposed - Extracting table columns took 71ms
[2025-04-13 01:04:05,128]-[main] INFO  Exposed - Extracting primary keys took 71ms
[2025-04-13 01:04:05,541]-[main] INFO  Exposed - Extracting column constraints took 413ms
[2025-04-13 01:04:05,542]-[main] INFO  Exposed - Preparing alter table statements took 558ms
[2025-04-13 01:04:05,610]-[main] INFO  Exposed - Executing alter table statements took 68ms
[2025-04-13 01:04:05,822]-[main] INFO  Exposed - Checking mapping consistence took 211ms
[2025-04-13 01:04:05,906]-[main] INFO  Exposed - Preparing create tables statements took 76ms
[2025-04-13 01:04:05,976]-[main] INFO  Exposed - Executing create tables statements took 69ms
[2025-04-13 01:04:06,050]-[main] INFO  Exposed - Extracting table columns took 74ms
[2025-04-13 01:04:06,122]-[main] INFO  Exposed - Extracting primary keys took 71ms
[2025-04-13 01:04:06,525]-[main] INFO  Exposed - Extracting column constraints took 402ms
[2025-04-13 01:04:06,526]-[main] INFO  Exposed - Preparing alter table statements took 550ms
[2025-04-13 01:04:06,595]-[main] INFO  Exposed - Executing alter table statements took 69ms
[2025-04-13 01:04:06,805]-[main] INFO  Exposed - Checking mapping consistence took 209ms
[2025-04-13 01:04:06,886]-[main] INFO  Exposed - Preparing create tables statements took 73ms
[2025-04-13 01:04:06,956]-[main] INFO  Exposed - Executing create tables statements took 69ms
[2025-04-13 01:04:07,031]-[main] INFO  Exposed - Extracting table columns took 75ms
[2025-04-13 01:04:07,102]-[main] INFO  Exposed - Extracting primary keys took 71ms
[2025-04-13 01:04:07,236]-[main] INFO  Exposed - Extracting column constraints took 133ms
[2025-04-13 01:04:07,236]-[main] INFO  Exposed - Preparing alter table statements took 280ms
[2025-04-13 01:04:07,307]-[main] INFO  Exposed - Executing alter table statements took 71ms
[2025-04-13 01:04:07,516]-[main] INFO  Exposed - Checking mapping consistence took 209ms
[2025-04-13 01:04:07,593]-[main] INFO  Exposed - Preparing create tables statements took 71ms
[2025-04-13 01:04:07,663]-[main] INFO  Exposed - Executing create tables statements took 70ms
[2025-04-13 01:04:07,737]-[main] INFO  Exposed - Extracting table columns took 74ms
[2025-04-13 01:04:07,808]-[main] INFO  Exposed - Extracting primary keys took 71ms
[2025-04-13 01:04:08,225]-[main] INFO  Exposed - Extracting column constraints took 416ms
[2025-04-13 01:04:08,225]-[main] INFO  Exposed - Preparing alter table statements took 562ms
[2025-04-13 01:04:08,294]-[main] INFO  Exposed - Executing alter table statements took 69ms
[2025-04-13 01:04:08,506]-[main] INFO  Exposed - Checking mapping consistence took 212ms
[2025-04-13 01:04:08,582]-[main] INFO  Exposed - Preparing create tables statements took 72ms
[2025-04-13 01:04:08,651]-[main] INFO  Exposed - Executing create tables statements took 69ms
[2025-04-13 01:04:08,724]-[main] INFO  Exposed - Extracting table columns took 73ms
[2025-04-13 01:04:08,796]-[main] INFO  Exposed - Extracting primary keys took 71ms
[2025-04-13 01:04:08,937]-[main] INFO  Exposed - Extracting column constraints took 140ms
[2025-04-13 01:04:08,938]-[main] INFO  Exposed - Preparing alter table statements took 287ms
[2025-04-13 01:04:09,008]-[main] INFO  Exposed - Executing alter table statements took 70ms
[2025-04-13 01:04:09,223]-[main] INFO  Exposed - Checking mapping consistence took 214ms
[2025-04-13 01:04:09,297]-[main] INFO  Exposed - Preparing create tables statements took 71ms
[2025-04-13 01:04:09,368]-[main] INFO  Exposed - Executing create tables statements took 71ms
[2025-04-13 01:04:09,441]-[main] INFO  Exposed - Extracting table columns took 73ms
[2025-04-13 01:04:09,513]-[main] INFO  Exposed - Extracting primary keys took 71ms
[2025-04-13 01:04:09,652]-[main] INFO  Exposed - Extracting column constraints took 138ms
[2025-04-13 01:04:09,652]-[main] INFO  Exposed - Preparing alter table statements took 284ms
[2025-04-13 01:04:09,721]-[main] INFO  Exposed - Executing alter table statements took 69ms
[2025-04-13 01:04:09,934]-[main] INFO  Exposed - Checking mapping consistence took 213ms
[2025-04-13 01:04:10,010]-[main] INFO  Exposed - Preparing create tables statements took 73ms
[2025-04-13 01:04:10,080]-[main] INFO  Exposed - Executing create tables statements took 69ms
[2025-04-13 01:04:10,152]-[main] INFO  Exposed - Extracting table columns took 72ms
[2025-04-13 01:04:10,222]-[main] INFO  Exposed - Extracting primary keys took 70ms
[2025-04-13 01:04:10,358]-[main] INFO  Exposed - Extracting column constraints took 136ms
[2025-04-13 01:04:10,359]-[main] INFO  Exposed - Preparing alter table statements took 279ms
[2025-04-13 01:04:10,429]-[main] INFO  Exposed - Executing alter table statements took 69ms
[2025-04-13 01:04:10,638]-[main] INFO  Exposed - Checking mapping consistence took 209ms
[2025-04-13 01:04:10,712]-[main] INFO  Exposed - Preparing create tables statements took 71ms
[2025-04-13 01:04:10,781]-[main] INFO  Exposed - Executing create tables statements took 68ms
[2025-04-13 01:04:10,855]-[main] INFO  Exposed - Extracting table columns took 73ms
[2025-04-13 01:04:10,927]-[main] INFO  Exposed - Extracting primary keys took 71ms
[2025-04-13 01:04:11,330]-[main] INFO  Exposed - Extracting column constraints took 402ms
[2025-04-13 01:04:11,330]-[main] INFO  Exposed - Preparing alter table statements took 548ms
[2025-04-13 01:04:11,400]-[main] INFO  Exposed - Executing alter table statements took 70ms
[2025-04-13 01:04:11,610]-[main] INFO  Exposed - Checking mapping consistence took 210ms
[2025-04-13 01:04:11,687]-[main] INFO  Exposed - Preparing create tables statements took 72ms
[2025-04-13 01:04:11,756]-[main] INFO  Exposed - Executing create tables statements took 69ms
[2025-04-13 01:04:11,829]-[main] INFO  Exposed - Extracting table columns took 73ms
[2025-04-13 01:04:11,901]-[main] INFO  Exposed - Extracting primary keys took 71ms
[2025-04-13 01:04:12,037]-[main] INFO  Exposed - Extracting column constraints took 135ms
[2025-04-13 01:04:12,038]-[main] INFO  Exposed - Preparing alter table statements took 282ms
[2025-04-13 01:04:12,109]-[main] INFO  Exposed - Executing alter table statements took 71ms
[2025-04-13 01:04:12,322]-[main] INFO  Exposed - Checking mapping consistence took 213ms
[2025-04-13 01:04:12,398]-[main] INFO  Exposed - Preparing create tables statements took 71ms
[2025-04-13 01:04:12,466]-[main] INFO  Exposed - Executing create tables statements took 68ms
[2025-04-13 01:04:12,539]-[main] INFO  Exposed - Extracting table columns took 72ms
[2025-04-13 01:04:12,612]-[main] INFO  Exposed - Extracting primary keys took 73ms
[2025-04-13 01:04:12,745]-[main] INFO  Exposed - Extracting column constraints took 132ms
[2025-04-13 01:04:12,745]-[main] INFO  Exposed - Preparing alter table statements took 278ms
[2025-04-13 01:04:12,815]-[main] INFO  Exposed - Executing alter table statements took 70ms
[2025-04-13 01:04:13,028]-[main] INFO  Exposed - Checking mapping consistence took 212ms
[2025-04-13 01:04:13,105]-[main] INFO  Exposed - Preparing create tables statements took 73ms
[2025-04-13 01:04:13,174]-[main] INFO  Exposed - Executing create tables statements took 69ms
[2025-04-13 01:04:13,248]-[main] INFO  Exposed - Extracting table columns took 73ms
[2025-04-13 01:04:13,318]-[main] INFO  Exposed - Extracting primary keys took 70ms
[2025-04-13 01:04:13,454]-[main] INFO  Exposed - Extracting column constraints took 135ms
[2025-04-13 01:04:13,455]-[main] INFO  Exposed - Preparing alter table statements took 280ms
[2025-04-13 01:04:13,525]-[main] INFO  Exposed - Executing alter table statements took 69ms
[2025-04-13 01:04:13,740]-[main] INFO  Exposed - Checking mapping consistence took 215ms
[2025-04-13 01:04:13,819]-[main] INFO  Exposed - Preparing create tables statements took 78ms
[2025-04-13 01:04:13,888]-[main] INFO  Exposed - Executing create tables statements took 69ms
[2025-04-13 01:04:13,986]-[main] INFO  Exposed - Extracting table columns took 73ms
[2025-04-13 01:04:14,056]-[main] INFO  Exposed - Extracting primary keys took 70ms
[2025-04-13 01:04:15,131]-[main] INFO  Exposed - Extracting column constraints took 1074ms
[2025-04-13 01:04:15,131]-[main] INFO  Exposed - Preparing alter table statements took 1218ms
[2025-04-13 01:04:15,202]-[main] INFO  Exposed - Executing alter table statements took 70ms
[2025-04-13 01:04:15,415]-[main] INFO  Exposed - Checking mapping consistence took 213ms
[2025-04-13 01:04:15,490]-[main] INFO  Exposed - Preparing create tables statements took 71ms
[2025-04-13 01:04:15,558]-[main] INFO  Exposed - Executing create tables statements took 68ms
[2025-04-13 01:04:15,636]-[main] INFO  Exposed - Extracting table columns took 78ms
[2025-04-13 01:04:15,708]-[main] INFO  Exposed - Extracting primary keys took 71ms
[2025-04-13 01:04:16,937]-[main] INFO  Exposed - Extracting column constraints took 1228ms
[2025-04-13 01:04:16,937]-[main] INFO  Exposed - Preparing alter table statements took 1379ms
[2025-04-13 01:04:17,006]-[main] INFO  Exposed - Executing alter table statements took 69ms
[2025-04-13 01:04:17,218]-[main] INFO  Exposed - Checking mapping consistence took 211ms
[2025-04-13 01:04:17,291]-[main] INFO  Exposed - Preparing create tables statements took 71ms
[2025-04-13 01:04:17,362]-[main] INFO  Exposed - Executing create tables statements took 70ms
[2025-04-13 01:04:17,434]-[main] INFO  Exposed - Extracting table columns took 72ms
[2025-04-13 01:04:17,505]-[main] INFO  Exposed - Extracting primary keys took 70ms
[2025-04-13 01:04:17,641]-[main] INFO  Exposed - Extracting column constraints took 135ms
[2025-04-13 01:04:17,641]-[main] INFO  Exposed - Preparing alter table statements took 279ms
[2025-04-13 01:04:17,710]-[main] INFO  Exposed - Executing alter table statements took 69ms
[2025-04-13 01:04:17,932]-[main] INFO  Exposed - Checking mapping consistence took 220ms
[2025-04-13 01:04:18,008]-[main] INFO  Exposed - Preparing create tables statements took 72ms
[2025-04-13 01:04:18,076]-[main] INFO  Exposed - Executing create tables statements took 68ms
[2025-04-13 01:04:18,149]-[main] INFO  Exposed - Extracting table columns took 72ms
[2025-04-13 01:04:18,220]-[main] INFO  Exposed - Extracting primary keys took 70ms
[2025-04-13 01:04:19,580]-[main] INFO  Exposed - Extracting column constraints took 1359ms
[2025-04-13 01:04:19,580]-[main] INFO  Exposed - Preparing alter table statements took 1503ms
[2025-04-13 01:04:19,650]-[main] INFO  Exposed - Executing alter table statements took 70ms
[2025-04-13 01:04:19,862]-[main] INFO  Exposed - Checking mapping consistence took 211ms
[2025-04-13 01:04:19,932]-[main] INFO  Exposed - Preparing create tables statements took 70ms
[2025-04-13 01:04:20,001]-[main] INFO  Exposed - Executing create tables statements took 68ms
[2025-04-13 01:04:20,074]-[main] INFO  Exposed - Extracting table columns took 72ms
[2025-04-13 01:04:20,145]-[main] INFO  Exposed - Extracting primary keys took 71ms
[2025-04-13 01:04:20,280]-[main] INFO  Exposed - Extracting column constraints took 135ms
[2025-04-13 01:04:20,281]-[main] INFO  Exposed - Preparing alter table statements took 279ms
[2025-04-13 01:04:20,350]-[main] INFO  Exposed - Executing alter table statements took 69ms
[2025-04-13 01:04:20,561]-[main] INFO  Exposed - Checking mapping consistence took 211ms
[2025-04-13 01:04:20,640]-[main] INFO  Exposed - Preparing create tables statements took 77ms
[2025-04-13 01:04:20,710]-[main] INFO  Exposed - Executing create tables statements took 69ms
[2025-04-13 01:04:20,784]-[main] INFO  Exposed - Extracting table columns took 73ms
[2025-04-13 01:04:20,856]-[main] INFO  Exposed - Extracting primary keys took 71ms
[2025-04-13 01:04:21,124]-[main] INFO  Exposed - Extracting column constraints took 267ms
[2025-04-13 01:04:21,125]-[main] INFO  Exposed - Preparing alter table statements took 414ms
[2025-04-13 01:04:21,195]-[main] INFO  Exposed - Executing alter table statements took 70ms
[2025-04-13 01:04:21,409]-[main] INFO  Exposed - Checking mapping consistence took 214ms
[2025-04-13 01:04:21,483]-[main] INFO  Exposed - Preparing create tables statements took 71ms
[2025-04-13 01:04:21,552]-[main] INFO  Exposed - Executing create tables statements took 69ms
[2025-04-13 01:04:21,625]-[main] INFO  Exposed - Extracting table columns took 72ms
[2025-04-13 01:04:21,696]-[main] INFO  Exposed - Extracting primary keys took 71ms
[2025-04-13 01:04:22,654]-[main] INFO  Exposed - Extracting column constraints took 957ms
[2025-04-13 01:04:22,655]-[main] INFO  Exposed - Preparing alter table statements took 1102ms
[2025-04-13 01:04:22,725]-[main] INFO  Exposed - Executing alter table statements took 70ms
[2025-04-13 01:04:22,934]-[main] INFO  Exposed - Checking mapping consistence took 209ms
[2025-04-13 01:04:24,036]-[main] INFO  Exposed - Preparing create tables statements took 209ms
[2025-04-13 01:04:24,075]-[main] INFO  Exposed - Executing create tables statements took 39ms
[2025-04-13 01:04:24,121]-[main] INFO  Exposed - Extracting table columns took 46ms
[2025-04-13 01:04:24,164]-[main] INFO  Exposed - Extracting primary keys took 42ms
[2025-04-13 01:04:24,343]-[main] INFO  Exposed - Extracting column constraints took 179ms
[2025-04-13 01:04:24,343]-[main] INFO  Exposed - Preparing alter table statements took 268ms
[2025-04-13 01:04:24,383]-[main] INFO  Exposed - Executing alter table statements took 40ms
[2025-04-13 01:04:24,513]-[main] INFO  Exposed - Checking mapping consistence took 129ms
[2025-04-13 01:04:24,559]-[main] INFO  Exposed - Preparing create tables statements took 43ms
[2025-04-13 01:04:24,600]-[main] INFO  Exposed - Executing create tables statements took 41ms
[2025-04-13 01:04:24,645]-[main] INFO  Exposed - Extracting table columns took 45ms
[2025-04-13 01:04:24,688]-[main] INFO  Exposed - Extracting primary keys took 43ms
[2025-04-13 01:04:24,820]-[main] INFO  Exposed - Extracting column constraints took 132ms
[2025-04-13 01:04:24,820]-[main] INFO  Exposed - Preparing alter table statements took 220ms
[2025-04-13 01:04:24,860]-[main] INFO  Exposed - Executing alter table statements took 40ms
[2025-04-13 01:04:24,988]-[main] INFO  Exposed - Checking mapping consistence took 128ms
[2025-04-13 01:04:25,030]-[main] INFO  Exposed - Preparing create tables statements took 41ms
[2025-04-13 01:04:25,070]-[main] INFO  Exposed - Executing create tables statements took 39ms
[2025-04-13 01:04:25,115]-[main] INFO  Exposed - Extracting table columns took 45ms
[2025-04-13 01:04:25,159]-[main] INFO  Exposed - Extracting primary keys took 44ms
[2025-04-13 01:04:25,293]-[main] INFO  Exposed - Extracting column constraints took 133ms
[2025-04-13 01:04:25,293]-[main] INFO  Exposed - Preparing alter table statements took 223ms
[2025-04-13 01:04:25,334]-[main] INFO  Exposed - Executing alter table statements took 40ms
[2025-04-13 01:04:25,461]-[main] INFO  Exposed - Checking mapping consistence took 127ms
[2025-04-13 01:04:25,507]-[main] INFO  Exposed - Preparing create tables statements took 42ms
[2025-04-13 01:04:25,546]-[main] INFO  Exposed - Executing create tables statements took 39ms
[2025-04-13 01:04:25,590]-[main] INFO  Exposed - Extracting table columns took 43ms
[2025-04-13 01:04:25,631]-[main] INFO  Exposed - Extracting primary keys took 41ms
[2025-04-13 01:04:25,891]-[main] INFO  Exposed - Extracting column constraints took 259ms
[2025-04-13 01:04:25,891]-[main] INFO  Exposed - Preparing alter table statements took 344ms
[2025-04-13 01:04:25,932]-[main] INFO  Exposed - Executing alter table statements took 40ms
[2025-04-13 01:04:26,058]-[main] INFO  Exposed - Checking mapping consistence took 126ms
[2025-04-13 01:04:26,104]-[main] INFO  Exposed - Preparing create tables statements took 42ms
[2025-04-13 01:04:26,144]-[main] INFO  Exposed - Executing create tables statements took 40ms
[2025-04-13 01:04:26,189]-[main] INFO  Exposed - Extracting table columns took 44ms
[2025-04-13 01:04:26,238]-[main] INFO  Exposed - Extracting primary keys took 48ms
[2025-04-13 01:04:26,503]-[main] INFO  Exposed - Extracting column constraints took 265ms
[2025-04-13 01:04:26,504]-[main] INFO  Exposed - Preparing alter table statements took 360ms
[2025-04-13 01:04:26,544]-[main] INFO  Exposed - Executing alter table statements took 40ms
[2025-04-13 01:04:26,667]-[main] INFO  Exposed - Checking mapping consistence took 123ms
[2025-04-13 01:04:26,711]-[main] INFO  Exposed - Preparing create tables statements took 41ms
[2025-04-13 01:04:26,751]-[main] INFO  Exposed - Executing create tables statements took 39ms
[2025-04-13 01:04:26,795]-[main] INFO  Exposed - Extracting table columns took 43ms
[2025-04-13 01:04:26,837]-[main] INFO  Exposed - Extracting primary keys took 42ms
[2025-04-13 01:04:27,099]-[main] INFO  Exposed - Extracting column constraints took 261ms
[2025-04-13 01:04:27,099]-[main] INFO  Exposed - Preparing alter table statements took 347ms
[2025-04-13 01:04:27,138]-[main] INFO  Exposed - Executing alter table statements took 39ms
[2025-04-13 01:04:27,264]-[main] INFO  Exposed - Checking mapping consistence took 126ms
[2025-04-13 01:04:27,310]-[main] INFO  Exposed - Preparing create tables statements took 44ms
[2025-04-13 01:04:27,350]-[main] INFO  Exposed - Executing create tables statements took 40ms
[2025-04-13 01:04:27,395]-[main] INFO  Exposed - Extracting table columns took 45ms
[2025-04-13 01:04:27,437]-[main] INFO  Exposed - Extracting primary keys took 42ms
[2025-04-13 01:04:27,825]-[main] INFO  Exposed - Extracting column constraints took 388ms
[2025-04-13 01:04:27,825]-[main] INFO  Exposed - Preparing alter table statements took 475ms
[2025-04-13 01:04:27,865]-[main] INFO  Exposed - Executing alter table statements took 40ms
[2025-04-13 01:04:27,992]-[main] INFO  Exposed - Checking mapping consistence took 127ms
[2025-04-13 01:04:28,042]-[main] INFO  Exposed - Preparing create tables statements took 47ms
[2025-04-13 01:04:28,081]-[main] INFO  Exposed - Executing create tables statements took 39ms
[2025-04-13 01:04:28,125]-[main] INFO  Exposed - Extracting table columns took 44ms
[2025-04-13 01:04:28,168]-[main] INFO  Exposed - Extracting primary keys took 42ms
[2025-04-13 01:04:28,428]-[main] INFO  Exposed - Extracting column constraints took 260ms
[2025-04-13 01:04:28,428]-[main] INFO  Exposed - Preparing alter table statements took 347ms
[2025-04-13 01:04:28,468]-[main] INFO  Exposed - Executing alter table statements took 40ms
[2025-04-13 01:04:28,597]-[main] INFO  Exposed - Checking mapping consistence took 128ms
[2025-04-13 01:04:28,783]-[main] INFO  [Koin] - Started 36 definitions in 2.534 ms
[2025-04-13 01:04:29,160]-[main] INFO  Application - Application started in 50.276 seconds.
[2025-04-13 01:04:29,161]-[main] INFO  Application - Application started: io.ktor.server.application.Application@2efd2f21
[2025-04-13 01:04:29,475]-[DefaultDispatcher-worker-1 @coroutine#1] INFO  Application - Responding at http://localhost:8080
[2025-04-13 01:07:46,438]-[eventLoopGroupProxy-4-1 @call-handler#4] INFO  Application - [31m401 Unauthorized[m: [36mPOST[m - /v1/auth/login in 1391ms
[2025-04-13 03:05:45,877]-[main] INFO  Application - Autoreload is disabled because the development mode is off.
[2025-04-13 03:05:48,235]-[main] INFO  Exposed - Preparing create tables statements took 243ms
[2025-04-13 03:05:48,284]-[main] INFO  Exposed - Executing create tables statements took 49ms
[2025-04-13 03:05:48,350]-[main] INFO  Exposed - Extracting table columns took 64ms
[2025-04-13 03:05:48,403]-[main] INFO  Exposed - Extracting primary keys took 53ms
[2025-04-13 03:05:48,576]-[main] INFO  Exposed - Extracting column constraints took 164ms
[2025-04-13 03:05:48,576]-[main] INFO  Exposed - Preparing alter table statements took 292ms
[2025-04-13 03:05:48,612]-[main] INFO  Exposed - Executing alter table statements took 35ms
[2025-04-13 03:05:48,738]-[main] INFO  Exposed - Checking mapping consistence took 126ms
[2025-04-13 03:05:48,786]-[main] INFO  Exposed - Preparing create tables statements took 45ms
[2025-04-13 03:05:48,823]-[main] INFO  Exposed - Executing create tables statements took 36ms
[2025-04-13 03:05:48,869]-[main] INFO  Exposed - Extracting table columns took 45ms
[2025-04-13 03:05:48,910]-[main] INFO  Exposed - Extracting primary keys took 40ms
[2025-04-13 03:05:49,012]-[main] INFO  Exposed - Extracting column constraints took 101ms
[2025-04-13 03:05:49,012]-[main] INFO  Exposed - Preparing alter table statements took 188ms
[2025-04-13 03:05:49,049]-[main] INFO  Exposed - Executing alter table statements took 37ms
[2025-04-13 03:05:49,161]-[main] INFO  Exposed - Checking mapping consistence took 112ms
[2025-04-13 03:05:49,216]-[main] INFO  Exposed - Preparing create tables statements took 42ms
[2025-04-13 03:05:49,252]-[main] INFO  Exposed - Executing create tables statements took 36ms
[2025-04-13 03:05:49,298]-[main] INFO  Exposed - Extracting table columns took 45ms
[2025-04-13 03:05:49,339]-[main] INFO  Exposed - Extracting primary keys took 41ms
[2025-04-13 03:05:49,967]-[main] INFO  Exposed - Extracting column constraints took 626ms
[2025-04-13 03:05:49,968]-[main] INFO  Exposed - Preparing alter table statements took 715ms
[2025-04-13 03:05:50,006]-[main] INFO  Exposed - Executing alter table statements took 37ms
[2025-04-13 03:05:50,123]-[main] INFO  Exposed - Checking mapping consistence took 116ms
[2025-04-13 03:05:50,165]-[main] INFO  Exposed - Preparing create tables statements took 41ms
[2025-04-13 03:05:50,203]-[main] INFO  Exposed - Executing create tables statements took 37ms
[2025-04-13 03:05:50,246]-[main] INFO  Exposed - Extracting table columns took 43ms
[2025-04-13 03:05:50,285]-[main] INFO  Exposed - Extracting primary keys took 38ms
[2025-04-13 03:05:50,587]-[main] INFO  Exposed - Extracting column constraints took 301ms
[2025-04-13 03:05:50,587]-[main] INFO  Exposed - Preparing alter table statements took 384ms
[2025-04-13 03:05:50,625]-[main] INFO  Exposed - Executing alter table statements took 37ms
[2025-04-13 03:05:50,743]-[main] INFO  Exposed - Checking mapping consistence took 117ms
[2025-04-13 03:05:50,792]-[main] INFO  Exposed - Preparing create tables statements took 42ms
[2025-04-13 03:05:50,830]-[main] INFO  Exposed - Executing create tables statements took 37ms
[2025-04-13 03:05:50,873]-[main] INFO  Exposed - Extracting table columns took 43ms
[2025-04-13 03:05:50,913]-[main] INFO  Exposed - Extracting primary keys took 39ms
[2025-04-13 03:05:51,534]-[main] INFO  Exposed - Extracting column constraints took 618ms
[2025-04-13 03:05:51,535]-[main] INFO  Exposed - Preparing alter table statements took 705ms
[2025-04-13 03:05:51,573]-[main] INFO  Exposed - Executing alter table statements took 37ms
[2025-04-13 03:05:51,687]-[main] INFO  Exposed - Checking mapping consistence took 114ms
[2025-04-13 03:05:51,730]-[main] INFO  Exposed - Preparing create tables statements took 40ms
[2025-04-13 03:05:51,767]-[main] INFO  Exposed - Executing create tables statements took 37ms
[2025-04-13 03:05:51,809]-[main] INFO  Exposed - Extracting table columns took 41ms
[2025-04-13 03:05:51,848]-[main] INFO  Exposed - Extracting primary keys took 38ms
[2025-04-13 03:05:52,735]-[main] INFO  Exposed - Extracting column constraints took 887ms
[2025-04-13 03:05:52,736]-[main] INFO  Exposed - Preparing alter table statements took 968ms
[2025-04-13 03:05:52,781]-[main] INFO  Exposed - Executing alter table statements took 45ms
[2025-04-13 03:05:52,898]-[main] INFO  Exposed - Checking mapping consistence took 116ms
[2025-04-13 03:05:52,940]-[main] INFO  Exposed - Preparing create tables statements took 41ms
[2025-04-13 03:05:52,977]-[main] INFO  Exposed - Executing create tables statements took 36ms
[2025-04-13 03:05:53,015]-[main] INFO  Exposed - Extracting table columns took 38ms
[2025-04-13 03:05:53,053]-[main] INFO  Exposed - Extracting primary keys took 38ms
[2025-04-13 03:05:53,256]-[main] INFO  Exposed - Extracting column constraints took 203ms
[2025-04-13 03:05:53,256]-[main] INFO  Exposed - Preparing alter table statements took 279ms
[2025-04-13 03:05:53,294]-[main] INFO  Exposed - Executing alter table statements took 37ms
[2025-04-13 03:05:53,407]-[main] INFO  Exposed - Checking mapping consistence took 113ms
[2025-04-13 03:05:53,448]-[main] INFO  Exposed - Preparing create tables statements took 41ms
[2025-04-13 03:05:53,486]-[main] INFO  Exposed - Executing create tables statements took 38ms
[2025-04-13 03:05:53,527]-[main] INFO  Exposed - Extracting table columns took 41ms
[2025-04-13 03:05:53,566]-[main] INFO  Exposed - Extracting primary keys took 39ms
[2025-04-13 03:05:53,772]-[main] INFO  Exposed - Extracting column constraints took 206ms
[2025-04-13 03:05:53,772]-[main] INFO  Exposed - Preparing alter table statements took 286ms
[2025-04-13 03:05:53,812]-[main] INFO  Exposed - Executing alter table statements took 40ms
[2025-04-13 03:05:53,924]-[main] INFO  Exposed - Checking mapping consistence took 111ms
[2025-04-13 03:05:53,967]-[main] INFO  Exposed - Preparing create tables statements took 40ms
[2025-04-13 03:05:54,004]-[main] INFO  Exposed - Executing create tables statements took 36ms
[2025-04-13 03:05:54,046]-[main] INFO  Exposed - Extracting table columns took 42ms
[2025-04-13 03:05:54,089]-[main] INFO  Exposed - Extracting primary keys took 43ms
[2025-04-13 03:05:54,407]-[main] INFO  Exposed - Extracting column constraints took 317ms
[2025-04-13 03:05:54,407]-[main] INFO  Exposed - Preparing alter table statements took 403ms
[2025-04-13 03:05:54,445]-[main] INFO  Exposed - Executing alter table statements took 37ms
[2025-04-13 03:05:54,560]-[main] INFO  Exposed - Checking mapping consistence took 113ms
[2025-04-13 03:05:54,601]-[main] INFO  Exposed - Preparing create tables statements took 41ms
[2025-04-13 03:05:54,639]-[main] INFO  Exposed - Executing create tables statements took 37ms
[2025-04-13 03:05:54,680]-[main] INFO  Exposed - Extracting table columns took 40ms
[2025-04-13 03:05:54,719]-[main] INFO  Exposed - Extracting primary keys took 38ms
[2025-04-13 03:05:54,928]-[main] INFO  Exposed - Extracting column constraints took 208ms
[2025-04-13 03:05:54,929]-[main] INFO  Exposed - Preparing alter table statements took 289ms
[2025-04-13 03:05:54,966]-[main] INFO  Exposed - Executing alter table statements took 37ms
[2025-04-13 03:05:55,079]-[main] INFO  Exposed - Checking mapping consistence took 113ms
[2025-04-13 03:05:55,119]-[main] INFO  Exposed - Preparing create tables statements took 38ms
[2025-04-13 03:05:55,154]-[main] INFO  Exposed - Executing create tables statements took 35ms
[2025-04-13 03:05:55,194]-[main] INFO  Exposed - Extracting table columns took 40ms
[2025-04-13 03:05:55,231]-[main] INFO  Exposed - Extracting primary keys took 37ms
[2025-04-13 03:05:55,438]-[main] INFO  Exposed - Extracting column constraints took 207ms
[2025-04-13 03:05:55,438]-[main] INFO  Exposed - Preparing alter table statements took 284ms
[2025-04-13 03:05:55,475]-[main] INFO  Exposed - Executing alter table statements took 37ms
[2025-04-13 03:05:55,588]-[main] INFO  Exposed - Checking mapping consistence took 112ms
[2025-04-13 03:05:55,627]-[main] INFO  Exposed - Preparing create tables statements took 38ms
[2025-04-13 03:05:55,662]-[main] INFO  Exposed - Executing create tables statements took 35ms
[2025-04-13 03:05:55,701]-[main] INFO  Exposed - Extracting table columns took 38ms
[2025-04-13 03:05:55,739]-[main] INFO  Exposed - Extracting primary keys took 37ms
[2025-04-13 03:05:56,254]-[main] INFO  Exposed - Extracting column constraints took 515ms
[2025-04-13 03:05:56,256]-[main] INFO  Exposed - Preparing alter table statements took 593ms
[2025-04-13 03:05:56,292]-[main] INFO  Exposed - Executing alter table statements took 36ms
[2025-04-13 03:05:56,406]-[main] INFO  Exposed - Checking mapping consistence took 113ms
[2025-04-13 03:05:56,449]-[main] INFO  Exposed - Preparing create tables statements took 39ms
[2025-04-13 03:05:56,485]-[main] INFO  Exposed - Executing create tables statements took 36ms
[2025-04-13 03:05:56,527]-[main] INFO  Exposed - Extracting table columns took 41ms
[2025-04-13 03:05:56,565]-[main] INFO  Exposed - Extracting primary keys took 38ms
[2025-04-13 03:05:56,870]-[main] INFO  Exposed - Extracting column constraints took 304ms
[2025-04-13 03:05:56,871]-[main] INFO  Exposed - Preparing alter table statements took 385ms
[2025-04-13 03:05:56,909]-[main] INFO  Exposed - Executing alter table statements took 38ms
[2025-04-13 03:05:57,024]-[main] INFO  Exposed - Checking mapping consistence took 114ms
[2025-04-13 03:05:57,065]-[main] INFO  Exposed - Preparing create tables statements took 40ms
[2025-04-13 03:05:57,102]-[main] INFO  Exposed - Executing create tables statements took 36ms
[2025-04-13 03:05:57,142]-[main] INFO  Exposed - Extracting table columns took 40ms
[2025-04-13 03:05:57,182]-[main] INFO  Exposed - Extracting primary keys took 39ms
[2025-04-13 03:05:57,284]-[main] INFO  Exposed - Extracting column constraints took 101ms
[2025-04-13 03:05:57,285]-[main] INFO  Exposed - Preparing alter table statements took 183ms
[2025-04-13 03:05:57,322]-[main] INFO  Exposed - Executing alter table statements took 37ms
[2025-04-13 03:05:57,441]-[main] INFO  Exposed - Checking mapping consistence took 118ms
[2025-04-13 03:05:57,486]-[main] INFO  Exposed - Preparing create tables statements took 41ms
[2025-04-13 03:05:57,524]-[main] INFO  Exposed - Executing create tables statements took 37ms
[2025-04-13 03:05:57,565]-[main] INFO  Exposed - Extracting table columns took 41ms
[2025-04-13 03:05:57,604]-[main] INFO  Exposed - Extracting primary keys took 38ms
[2025-04-13 03:05:57,909]-[main] INFO  Exposed - Extracting column constraints took 304ms
[2025-04-13 03:05:57,909]-[main] INFO  Exposed - Preparing alter table statements took 385ms
[2025-04-13 03:05:57,947]-[main] INFO  Exposed - Executing alter table statements took 37ms
[2025-04-13 03:05:58,062]-[main] INFO  Exposed - Checking mapping consistence took 115ms
[2025-04-13 03:05:58,105]-[main] INFO  Exposed - Preparing create tables statements took 39ms
[2025-04-13 03:05:58,142]-[main] INFO  Exposed - Executing create tables statements took 37ms
[2025-04-13 03:05:58,183]-[main] INFO  Exposed - Extracting table columns took 40ms
[2025-04-13 03:05:58,222]-[main] INFO  Exposed - Extracting primary keys took 39ms
[2025-04-13 03:05:58,845]-[main] INFO  Exposed - Extracting column constraints took 622ms
[2025-04-13 03:05:58,846]-[main] INFO  Exposed - Preparing alter table statements took 703ms
[2025-04-13 03:05:58,884]-[main] INFO  Exposed - Executing alter table statements took 38ms
[2025-04-13 03:05:59,001]-[main] INFO  Exposed - Checking mapping consistence took 116ms
[2025-04-13 03:05:59,042]-[main] INFO  Exposed - Preparing create tables statements took 40ms
[2025-04-13 03:05:59,079]-[main] INFO  Exposed - Executing create tables statements took 36ms
[2025-04-13 03:05:59,118]-[main] INFO  Exposed - Extracting table columns took 38ms
[2025-04-13 03:05:59,157]-[main] INFO  Exposed - Extracting primary keys took 39ms
[2025-04-13 03:05:59,258]-[main] INFO  Exposed - Extracting column constraints took 100ms
[2025-04-13 03:05:59,259]-[main] INFO  Exposed - Preparing alter table statements took 180ms
[2025-04-13 03:05:59,296]-[main] INFO  Exposed - Executing alter table statements took 37ms
[2025-04-13 03:05:59,409]-[main] INFO  Exposed - Checking mapping consistence took 113ms
[2025-04-13 03:05:59,451]-[main] INFO  Exposed - Preparing create tables statements took 41ms
[2025-04-13 03:05:59,489]-[main] INFO  Exposed - Executing create tables statements took 37ms
[2025-04-13 03:05:59,529]-[main] INFO  Exposed - Extracting table columns took 40ms
[2025-04-13 03:05:59,569]-[main] INFO  Exposed - Extracting primary keys took 39ms
[2025-04-13 03:05:59,775]-[main] INFO  Exposed - Extracting column constraints took 205ms
[2025-04-13 03:05:59,776]-[main] INFO  Exposed - Preparing alter table statements took 287ms
[2025-04-13 03:05:59,814]-[main] INFO  Exposed - Executing alter table statements took 38ms
[2025-04-13 03:05:59,927]-[main] INFO  Exposed - Checking mapping consistence took 112ms
[2025-04-13 03:05:59,971]-[main] INFO  Exposed - Preparing create tables statements took 40ms
[2025-04-13 03:06:00,007]-[main] INFO  Exposed - Executing create tables statements took 36ms
[2025-04-13 03:06:00,049]-[main] INFO  Exposed - Extracting table columns took 41ms
[2025-04-13 03:06:00,088]-[main] INFO  Exposed - Extracting primary keys took 38ms
[2025-04-13 03:06:00,611]-[main] INFO  Exposed - Extracting column constraints took 522ms
[2025-04-13 03:06:00,612]-[main] INFO  Exposed - Preparing alter table statements took 604ms
[2025-04-13 03:06:00,649]-[main] INFO  Exposed - Executing alter table statements took 37ms
[2025-04-13 03:06:00,761]-[main] INFO  Exposed - Checking mapping consistence took 112ms
[2025-04-13 03:06:00,817]-[main] INFO  Exposed - Preparing create tables statements took 54ms
[2025-04-13 03:06:00,857]-[main] INFO  Exposed - Executing create tables statements took 39ms
[2025-04-13 03:06:00,916]-[main] INFO  Exposed - Extracting table columns took 59ms
[2025-04-13 03:06:00,974]-[main] INFO  Exposed - Extracting primary keys took 58ms
[2025-04-13 03:06:01,351]-[main] INFO  Exposed - Extracting column constraints took 377ms
[2025-04-13 03:06:01,352]-[main] INFO  Exposed - Preparing alter table statements took 495ms
[2025-04-13 03:06:01,390]-[main] INFO  Exposed - Executing alter table statements took 38ms
[2025-04-13 03:06:01,502]-[main] INFO  Exposed - Checking mapping consistence took 112ms
[2025-04-13 03:06:01,540]-[main] INFO  Exposed - Preparing create tables statements took 37ms
[2025-04-13 03:06:01,575]-[main] INFO  Exposed - Executing create tables statements took 35ms
[2025-04-13 03:06:01,613]-[main] INFO  Exposed - Extracting table columns took 38ms
[2025-04-13 03:06:01,650]-[main] INFO  Exposed - Extracting primary keys took 36ms
[2025-04-13 03:06:01,753]-[main] INFO  Exposed - Extracting column constraints took 102ms
[2025-04-13 03:06:01,754]-[main] INFO  Exposed - Preparing alter table statements took 179ms
[2025-04-13 03:06:01,792]-[main] INFO  Exposed - Executing alter table statements took 38ms
[2025-04-13 03:06:01,905]-[main] INFO  Exposed - Checking mapping consistence took 113ms
[2025-04-13 03:06:01,944]-[main] INFO  Exposed - Preparing create tables statements took 38ms
[2025-04-13 03:06:01,980]-[main] INFO  Exposed - Executing create tables statements took 35ms
[2025-04-13 03:06:02,022]-[main] INFO  Exposed - Extracting table columns took 41ms
[2025-04-13 03:06:02,060]-[main] INFO  Exposed - Extracting primary keys took 38ms
[2025-04-13 03:06:02,680]-[main] INFO  Exposed - Extracting column constraints took 618ms
[2025-04-13 03:06:02,680]-[main] INFO  Exposed - Preparing alter table statements took 699ms
[2025-04-13 03:06:02,718]-[main] INFO  Exposed - Executing alter table statements took 38ms
[2025-04-13 03:06:02,832]-[main] INFO  Exposed - Checking mapping consistence took 114ms
[2025-04-13 03:06:02,872]-[main] INFO  Exposed - Preparing create tables statements took 39ms
[2025-04-13 03:06:02,909]-[main] INFO  Exposed - Executing create tables statements took 36ms
[2025-04-13 03:06:02,949]-[main] INFO  Exposed - Extracting table columns took 39ms
[2025-04-13 03:06:02,986]-[main] INFO  Exposed - Extracting primary keys took 36ms
[2025-04-13 03:06:03,340]-[main] INFO  Exposed - Extracting column constraints took 353ms
[2025-04-13 03:06:03,340]-[main] INFO  Exposed - Preparing alter table statements took 430ms
[2025-04-13 03:06:03,377]-[main] INFO  Exposed - Executing alter table statements took 37ms
[2025-04-13 03:06:03,491]-[main] INFO  Exposed - Checking mapping consistence took 113ms
[2025-04-13 03:06:03,531]-[main] INFO  Exposed - Preparing create tables statements took 37ms
[2025-04-13 03:06:03,566]-[main] INFO  Exposed - Executing create tables statements took 34ms
[2025-04-13 03:06:03,608]-[main] INFO  Exposed - Extracting table columns took 41ms
[2025-04-13 03:06:03,646]-[main] INFO  Exposed - Extracting primary keys took 38ms
[2025-04-13 03:06:03,963]-[main] INFO  Exposed - Extracting column constraints took 316ms
[2025-04-13 03:06:03,963]-[main] INFO  Exposed - Preparing alter table statements took 396ms
[2025-04-13 03:06:03,999]-[main] INFO  Exposed - Executing alter table statements took 36ms
[2025-04-13 03:06:04,111]-[main] INFO  Exposed - Checking mapping consistence took 111ms
[2025-04-13 03:06:04,156]-[main] INFO  Exposed - Preparing create tables statements took 38ms
[2025-04-13 03:06:04,193]-[main] INFO  Exposed - Executing create tables statements took 36ms
[2025-04-13 03:06:04,231]-[main] INFO  Exposed - Extracting table columns took 38ms
[2025-04-13 03:06:04,269]-[main] INFO  Exposed - Extracting primary keys took 37ms
[2025-04-13 03:06:04,376]-[main] INFO  Exposed - Extracting column constraints took 106ms
[2025-04-13 03:06:04,377]-[main] INFO  Exposed - Preparing alter table statements took 184ms
[2025-04-13 03:06:04,413]-[main] INFO  Exposed - Executing alter table statements took 36ms
[2025-04-13 03:06:04,526]-[main] INFO  Exposed - Checking mapping consistence took 113ms
[2025-04-13 03:06:04,569]-[main] INFO  Exposed - Preparing create tables statements took 38ms
[2025-04-13 03:06:04,608]-[main] INFO  Exposed - Executing create tables statements took 38ms
[2025-04-13 03:06:04,647]-[main] INFO  Exposed - Extracting table columns took 39ms
[2025-04-13 03:06:04,686]-[main] INFO  Exposed - Extracting primary keys took 39ms
[2025-04-13 03:06:05,011]-[main] INFO  Exposed - Extracting column constraints took 324ms
[2025-04-13 03:06:05,012]-[main] INFO  Exposed - Preparing alter table statements took 404ms
[2025-04-13 03:06:05,050]-[main] INFO  Exposed - Executing alter table statements took 37ms
[2025-04-13 03:06:05,161]-[main] INFO  Exposed - Checking mapping consistence took 111ms
[2025-04-13 03:06:05,213]-[main] INFO  Exposed - Preparing create tables statements took 50ms
[2025-04-13 03:06:05,249]-[main] INFO  Exposed - Executing create tables statements took 36ms
[2025-04-13 03:06:05,289]-[main] INFO  Exposed - Extracting table columns took 40ms
[2025-04-13 03:06:05,326]-[main] INFO  Exposed - Extracting primary keys took 37ms
[2025-04-13 03:06:05,427]-[main] INFO  Exposed - Extracting column constraints took 101ms
[2025-04-13 03:06:05,427]-[main] INFO  Exposed - Preparing alter table statements took 178ms
[2025-04-13 03:06:05,463]-[main] INFO  Exposed - Executing alter table statements took 36ms
[2025-04-13 03:06:05,575]-[main] INFO  Exposed - Checking mapping consistence took 112ms
[2025-04-13 03:06:05,616]-[main] INFO  Exposed - Preparing create tables statements took 39ms
[2025-04-13 03:06:05,651]-[main] INFO  Exposed - Executing create tables statements took 34ms
[2025-04-13 03:06:05,692]-[main] INFO  Exposed - Extracting table columns took 40ms
[2025-04-13 03:06:05,732]-[main] INFO  Exposed - Extracting primary keys took 38ms
[2025-04-13 03:06:05,845]-[main] INFO  Exposed - Extracting column constraints took 103ms
[2025-04-13 03:06:05,850]-[main] INFO  Exposed - Preparing alter table statements took 198ms
[2025-04-13 03:06:05,886]-[main] INFO  Exposed - Executing alter table statements took 36ms
[2025-04-13 03:06:05,998]-[main] INFO  Exposed - Checking mapping consistence took 111ms
[2025-04-13 03:06:06,037]-[main] INFO  Exposed - Preparing create tables statements took 38ms
[2025-04-13 03:06:06,074]-[main] INFO  Exposed - Executing create tables statements took 37ms
[2025-04-13 03:06:06,112]-[main] INFO  Exposed - Extracting table columns took 38ms
[2025-04-13 03:06:06,151]-[main] INFO  Exposed - Extracting primary keys took 38ms
[2025-04-13 03:06:06,254]-[main] INFO  Exposed - Extracting column constraints took 102ms
[2025-04-13 03:06:06,254]-[main] INFO  Exposed - Preparing alter table statements took 180ms
[2025-04-13 03:06:06,291]-[main] INFO  Exposed - Executing alter table statements took 37ms
[2025-04-13 03:06:06,409]-[main] INFO  Exposed - Checking mapping consistence took 118ms
[2025-04-13 03:06:06,458]-[main] INFO  Exposed - Preparing create tables statements took 39ms
[2025-04-13 03:06:06,494]-[main] INFO  Exposed - Executing create tables statements took 36ms
[2025-04-13 03:06:06,542]-[main] INFO  Exposed - Extracting table columns took 47ms
[2025-04-13 03:06:06,579]-[main] INFO  Exposed - Extracting primary keys took 37ms
[2025-04-13 03:06:06,885]-[main] INFO  Exposed - Extracting column constraints took 306ms
[2025-04-13 03:06:06,886]-[main] INFO  Exposed - Preparing alter table statements took 391ms
[2025-04-13 03:06:06,924]-[main] INFO  Exposed - Executing alter table statements took 38ms
[2025-04-13 03:06:07,039]-[main] INFO  Exposed - Checking mapping consistence took 115ms
[2025-04-13 03:06:07,086]-[main] INFO  Exposed - Preparing create tables statements took 39ms
[2025-04-13 03:06:07,122]-[main] INFO  Exposed - Executing create tables statements took 36ms
[2025-04-13 03:06:07,163]-[main] INFO  Exposed - Extracting table columns took 40ms
[2025-04-13 03:06:07,202]-[main] INFO  Exposed - Extracting primary keys took 38ms
[2025-04-13 03:06:07,302]-[main] INFO  Exposed - Extracting column constraints took 100ms
[2025-04-13 03:06:07,302]-[main] INFO  Exposed - Preparing alter table statements took 179ms
[2025-04-13 03:06:07,340]-[main] INFO  Exposed - Executing alter table statements took 37ms
[2025-04-13 03:06:07,452]-[main] INFO  Exposed - Checking mapping consistence took 112ms
[2025-04-13 03:06:07,494]-[main] INFO  Exposed - Preparing create tables statements took 37ms
[2025-04-13 03:06:07,530]-[main] INFO  Exposed - Executing create tables statements took 36ms
[2025-04-13 03:06:07,570]-[main] INFO  Exposed - Extracting table columns took 40ms
[2025-04-13 03:06:07,608]-[main] INFO  Exposed - Extracting primary keys took 38ms
[2025-04-13 03:06:07,708]-[main] INFO  Exposed - Extracting column constraints took 99ms
[2025-04-13 03:06:07,709]-[main] INFO  Exposed - Preparing alter table statements took 179ms
[2025-04-13 03:06:07,746]-[main] INFO  Exposed - Executing alter table statements took 37ms
[2025-04-13 03:06:07,860]-[main] INFO  Exposed - Checking mapping consistence took 113ms
[2025-04-13 03:06:07,899]-[main] INFO  Exposed - Preparing create tables statements took 37ms
[2025-04-13 03:06:07,934]-[main] INFO  Exposed - Executing create tables statements took 35ms
[2025-04-13 03:06:07,974]-[main] INFO  Exposed - Extracting table columns took 40ms
[2025-04-13 03:06:08,014]-[main] INFO  Exposed - Extracting primary keys took 40ms
[2025-04-13 03:06:08,116]-[main] INFO  Exposed - Extracting column constraints took 101ms
[2025-04-13 03:06:08,116]-[main] INFO  Exposed - Preparing alter table statements took 182ms
[2025-04-13 03:06:08,153]-[main] INFO  Exposed - Executing alter table statements took 37ms
[2025-04-13 03:06:08,265]-[main] INFO  Exposed - Checking mapping consistence took 112ms
[2025-04-13 03:06:08,305]-[main] INFO  Exposed - Preparing create tables statements took 38ms
[2025-04-13 03:06:08,340]-[main] INFO  Exposed - Executing create tables statements took 35ms
[2025-04-13 03:06:08,379]-[main] INFO  Exposed - Extracting table columns took 39ms
[2025-04-13 03:06:08,417]-[main] INFO  Exposed - Extracting primary keys took 37ms
[2025-04-13 03:06:09,265]-[main] INFO  Exposed - Extracting column constraints took 847ms
[2025-04-13 03:06:09,266]-[main] INFO  Exposed - Preparing alter table statements took 926ms
[2025-04-13 03:06:09,304]-[main] INFO  Exposed - Executing alter table statements took 38ms
[2025-04-13 03:06:09,416]-[main] INFO  Exposed - Checking mapping consistence took 112ms
[2025-04-13 03:06:09,459]-[main] INFO  Exposed - Preparing create tables statements took 39ms
[2025-04-13 03:06:09,495]-[main] INFO  Exposed - Executing create tables statements took 36ms
[2025-04-13 03:06:09,533]-[main] INFO  Exposed - Extracting table columns took 38ms
[2025-04-13 03:06:09,571]-[main] INFO  Exposed - Extracting primary keys took 38ms
[2025-04-13 03:06:10,395]-[main] INFO  Exposed - Extracting column constraints took 824ms
[2025-04-13 03:06:10,395]-[main] INFO  Exposed - Preparing alter table statements took 900ms
[2025-04-13 03:06:10,431]-[main] INFO  Exposed - Executing alter table statements took 36ms
[2025-04-13 03:06:10,542]-[main] INFO  Exposed - Checking mapping consistence took 111ms
[2025-04-13 03:06:10,581]-[main] INFO  Exposed - Preparing create tables statements took 38ms
[2025-04-13 03:06:10,617]-[main] INFO  Exposed - Executing create tables statements took 36ms
[2025-04-13 03:06:10,655]-[main] INFO  Exposed - Extracting table columns took 38ms
[2025-04-13 03:06:10,692]-[main] INFO  Exposed - Extracting primary keys took 37ms
[2025-04-13 03:06:10,794]-[main] INFO  Exposed - Extracting column constraints took 102ms
[2025-04-13 03:06:10,795]-[main] INFO  Exposed - Preparing alter table statements took 178ms
[2025-04-13 03:06:10,831]-[main] INFO  Exposed - Executing alter table statements took 36ms
[2025-04-13 03:06:10,942]-[main] INFO  Exposed - Checking mapping consistence took 111ms
[2025-04-13 03:06:10,984]-[main] INFO  Exposed - Preparing create tables statements took 39ms
[2025-04-13 03:06:11,020]-[main] INFO  Exposed - Executing create tables statements took 36ms
[2025-04-13 03:06:11,060]-[main] INFO  Exposed - Extracting table columns took 39ms
[2025-04-13 03:06:11,098]-[main] INFO  Exposed - Extracting primary keys took 38ms
[2025-04-13 03:06:12,213]-[main] INFO  Exposed - Extracting column constraints took 1113ms
[2025-04-13 03:06:12,214]-[main] INFO  Exposed - Preparing alter table statements took 1193ms
[2025-04-13 03:06:12,251]-[main] INFO  Exposed - Executing alter table statements took 37ms
[2025-04-13 03:06:12,365]-[main] INFO  Exposed - Checking mapping consistence took 113ms
[2025-04-13 03:06:12,402]-[main] INFO  Exposed - Preparing create tables statements took 37ms
[2025-04-13 03:06:12,437]-[main] INFO  Exposed - Executing create tables statements took 35ms
[2025-04-13 03:06:12,475]-[main] INFO  Exposed - Extracting table columns took 37ms
[2025-04-13 03:06:12,513]-[main] INFO  Exposed - Extracting primary keys took 37ms
[2025-04-13 03:06:12,614]-[main] INFO  Exposed - Extracting column constraints took 101ms
[2025-04-13 03:06:12,615]-[main] INFO  Exposed - Preparing alter table statements took 176ms
[2025-04-13 03:06:12,654]-[main] INFO  Exposed - Executing alter table statements took 39ms
[2025-04-13 03:06:12,765]-[main] INFO  Exposed - Checking mapping consistence took 111ms
[2025-04-13 03:06:12,806]-[main] INFO  Exposed - Preparing create tables statements took 40ms
[2025-04-13 03:06:12,842]-[main] INFO  Exposed - Executing create tables statements took 36ms
[2025-04-13 03:06:12,882]-[main] INFO  Exposed - Extracting table columns took 40ms
[2025-04-13 03:06:12,921]-[main] INFO  Exposed - Extracting primary keys took 38ms
[2025-04-13 03:06:13,127]-[main] INFO  Exposed - Extracting column constraints took 205ms
[2025-04-13 03:06:13,127]-[main] INFO  Exposed - Preparing alter table statements took 285ms
[2025-04-13 03:06:13,164]-[main] INFO  Exposed - Executing alter table statements took 37ms
[2025-04-13 03:06:13,276]-[main] INFO  Exposed - Checking mapping consistence took 112ms
[2025-04-13 03:06:13,319]-[main] INFO  Exposed - Preparing create tables statements took 39ms
[2025-04-13 03:06:13,356]-[main] INFO  Exposed - Executing create tables statements took 36ms
[2025-04-13 03:06:13,396]-[main] INFO  Exposed - Extracting table columns took 40ms
[2025-04-13 03:06:13,434]-[main] INFO  Exposed - Extracting primary keys took 38ms
[2025-04-13 03:06:14,150]-[main] INFO  Exposed - Extracting column constraints took 716ms
[2025-04-13 03:06:14,150]-[main] INFO  Exposed - Preparing alter table statements took 794ms
[2025-04-13 03:06:14,190]-[main] INFO  Exposed - Executing alter table statements took 40ms
[2025-04-13 03:06:14,302]-[main] INFO  Exposed - Checking mapping consistence took 111ms
[2025-04-13 03:06:15,697]-[main] INFO  Exposed - Preparing create tables statements took 643ms
[2025-04-13 03:06:16,058]-[main] INFO  Exposed - Executing create tables statements took 360ms
[2025-04-13 03:06:16,110]-[main] INFO  Exposed - Extracting table columns took 51ms
[2025-04-13 03:06:16,150]-[main] INFO  Exposed - Extracting primary keys took 40ms
[2025-04-13 03:06:16,359]-[main] INFO  Exposed - Extracting column constraints took 208ms
[2025-04-13 03:06:16,359]-[main] INFO  Exposed - Preparing alter table statements took 300ms
[2025-04-13 03:06:16,395]-[main] INFO  Exposed - Executing alter table statements took 36ms
[2025-04-13 03:06:16,550]-[main] INFO  Exposed - Checking mapping consistence took 154ms
[2025-04-13 03:06:16,628]-[main] WARN  Exposed - Keyword identifier used: 'role'. Case sensitivity may not be kept when quoted by default: 'role'. To keep case sensitivity, opt-in and set 'preserveKeywordCasing' to true in DatabaseConfig block.
[2025-04-13 03:06:16,628]-[main] INFO  Exposed - Preparing create tables statements took 75ms
[2025-04-13 03:06:16,750]-[main] INFO  Exposed - Executing create tables statements took 122ms
[2025-04-13 03:06:16,791]-[main] INFO  Exposed - Extracting table columns took 40ms
[2025-04-13 03:06:16,836]-[main] INFO  Exposed - Extracting primary keys took 37ms
[2025-04-13 03:06:16,996]-[main] INFO  Exposed - Extracting column constraints took 157ms
[2025-04-13 03:06:16,996]-[main] INFO  Exposed - Preparing alter table statements took 245ms
[2025-04-13 03:06:17,035]-[main] INFO  Exposed - Executing alter table statements took 39ms
[2025-04-13 03:06:17,183]-[main] INFO  Exposed - Checking mapping consistence took 148ms
[2025-04-13 03:06:17,260]-[main] WARN  Exposed - Keyword identifier used: 'role'. Case sensitivity may not be kept when quoted by default: 'role'. To keep case sensitivity, opt-in and set 'preserveKeywordCasing' to true in DatabaseConfig block.
[2025-04-13 03:06:17,261]-[main] INFO  Exposed - Preparing create tables statements took 76ms
[2025-04-13 03:06:17,460]-[main] INFO  Exposed - Executing create tables statements took 199ms
[2025-04-13 03:06:17,501]-[main] INFO  Exposed - Extracting table columns took 40ms
[2025-04-13 03:06:17,538]-[main] INFO  Exposed - Extracting primary keys took 37ms
[2025-04-13 03:06:17,680]-[main] INFO  Exposed - Extracting column constraints took 141ms
[2025-04-13 03:06:17,680]-[main] INFO  Exposed - Preparing alter table statements took 219ms
[2025-04-13 03:06:17,718]-[main] INFO  Exposed - Executing alter table statements took 38ms
[2025-04-13 03:06:17,829]-[main] INFO  Exposed - Checking mapping consistence took 111ms
[2025-04-13 03:06:17,871]-[main] INFO  Exposed - Preparing create tables statements took 40ms
[2025-04-13 03:06:18,034]-[main] INFO  Exposed - Executing create tables statements took 163ms
[2025-04-13 03:06:18,080]-[main] INFO  Exposed - Extracting table columns took 46ms
[2025-04-13 03:06:18,117]-[main] INFO  Exposed - Extracting primary keys took 37ms
[2025-04-13 03:06:18,368]-[main] INFO  Exposed - Extracting column constraints took 250ms
[2025-04-13 03:06:18,368]-[main] INFO  Exposed - Preparing alter table statements took 334ms
[2025-04-13 03:06:18,406]-[main] INFO  Exposed - Executing alter table statements took 37ms
[2025-04-13 03:06:18,519]-[main] INFO  Exposed - Checking mapping consistence took 113ms
[2025-04-13 03:06:18,557]-[main] INFO  Exposed - Preparing create tables statements took 37ms
[2025-04-13 03:06:18,635]-[main] INFO  Exposed - Executing create tables statements took 78ms
[2025-04-13 03:06:18,675]-[main] INFO  Exposed - Extracting table columns took 39ms
[2025-04-13 03:06:18,713]-[main] INFO  Exposed - Extracting primary keys took 38ms
[2025-04-13 03:06:18,977]-[main] INFO  Exposed - Extracting column constraints took 264ms
[2025-04-13 03:06:18,977]-[main] INFO  Exposed - Preparing alter table statements took 341ms
[2025-04-13 03:06:19,015]-[main] INFO  Exposed - Executing alter table statements took 36ms
[2025-04-13 03:06:19,123]-[main] INFO  Exposed - Checking mapping consistence took 108ms
[2025-04-13 03:06:19,162]-[main] INFO  Exposed - Preparing create tables statements took 37ms
[2025-04-13 03:06:19,280]-[main] INFO  Exposed - Executing create tables statements took 118ms
[2025-04-13 03:06:19,320]-[main] INFO  Exposed - Extracting table columns took 39ms
[2025-04-13 03:06:19,357]-[main] INFO  Exposed - Extracting primary keys took 37ms
[2025-04-13 03:06:19,601]-[main] INFO  Exposed - Extracting column constraints took 243ms
[2025-04-13 03:06:19,601]-[main] INFO  Exposed - Preparing alter table statements took 320ms
[2025-04-13 03:06:19,639]-[main] INFO  Exposed - Executing alter table statements took 38ms
[2025-04-13 03:06:19,751]-[main] INFO  Exposed - Checking mapping consistence took 111ms
[2025-04-13 03:06:19,790]-[main] INFO  Exposed - Preparing create tables statements took 38ms
[2025-04-13 03:06:19,868]-[main] INFO  Exposed - Executing create tables statements took 78ms
[2025-04-13 03:06:19,906]-[main] INFO  Exposed - Extracting table columns took 38ms
[2025-04-13 03:06:19,943]-[main] INFO  Exposed - Extracting primary keys took 37ms
[2025-04-13 03:06:20,310]-[main] INFO  Exposed - Extracting column constraints took 367ms
[2025-04-13 03:06:20,310]-[main] INFO  Exposed - Preparing alter table statements took 442ms
[2025-04-13 03:06:20,348]-[main] INFO  Exposed - Executing alter table statements took 37ms
[2025-04-13 03:06:20,457]-[main] INFO  Exposed - Checking mapping consistence took 109ms
[2025-04-13 03:06:20,498]-[main] INFO  Exposed - Preparing create tables statements took 38ms
[2025-04-13 03:06:20,580]-[main] INFO  Exposed - Executing create tables statements took 82ms
[2025-04-13 03:06:20,621]-[main] INFO  Exposed - Extracting table columns took 40ms
[2025-04-13 03:06:20,658]-[main] INFO  Exposed - Extracting primary keys took 37ms
[2025-04-13 03:06:20,904]-[main] INFO  Exposed - Extracting column constraints took 245ms
[2025-04-13 03:06:20,905]-[main] INFO  Exposed - Preparing alter table statements took 324ms
[2025-04-13 03:06:20,941]-[main] INFO  Exposed - Executing alter table statements took 36ms
[2025-04-13 03:06:21,050]-[main] INFO  Exposed - Checking mapping consistence took 108ms
[2025-04-13 03:06:21,204]-[main] INFO  [Koin] - Started 36 definitions in 2.237 ms
[2025-04-13 03:06:21,553]-[main] INFO  Application - Application started in 35.936 seconds.
[2025-04-13 03:06:21,554]-[main] INFO  Application - Application started: io.ktor.server.application.Application@778a1250
[2025-04-13 03:06:21,799]-[DefaultDispatcher-worker-1 @coroutine#1] INFO  Application - Responding at http://localhost:8080
[2025-04-13 03:41:05,784]-[main] INFO  Application - Autoreload is disabled because the development mode is off.
[2025-04-13 03:41:10,034]-[main] INFO  Exposed - Preparing create tables statements took 263ms
[2025-04-13 03:41:10,084]-[main] INFO  Exposed - Executing create tables statements took 50ms
[2025-04-13 03:41:10,242]-[main] INFO  Exposed - Extracting table columns took 157ms
[2025-04-13 03:41:10,298]-[main] INFO  Exposed - Extracting primary keys took 56ms
[2025-04-13 03:41:10,921]-[main] INFO  Exposed - Extracting column constraints took 617ms
[2025-04-13 03:41:10,922]-[main] INFO  Exposed - Preparing alter table statements took 837ms
[2025-04-13 03:41:10,955]-[main] INFO  Exposed - Executing alter table statements took 33ms
[2025-04-13 03:41:11,088]-[main] INFO  Exposed - Checking mapping consistence took 132ms
[2025-04-13 03:41:11,136]-[main] INFO  Exposed - Preparing create tables statements took 47ms
[2025-04-13 03:41:11,174]-[main] INFO  Exposed - Executing create tables statements took 38ms
[2025-04-13 03:41:11,219]-[main] INFO  Exposed - Extracting table columns took 44ms
[2025-04-13 03:41:11,259]-[main] INFO  Exposed - Extracting primary keys took 40ms
[2025-04-13 03:41:11,393]-[main] INFO  Exposed - Extracting column constraints took 130ms
[2025-04-13 03:41:11,394]-[main] INFO  Exposed - Preparing alter table statements took 219ms
[2025-04-13 03:41:11,443]-[main] INFO  Exposed - Executing alter table statements took 49ms
[2025-04-13 03:41:11,552]-[main] INFO  Exposed - Checking mapping consistence took 106ms
[2025-04-13 03:41:11,603]-[main] INFO  Exposed - Preparing create tables statements took 38ms
[2025-04-13 03:41:11,637]-[main] INFO  Exposed - Executing create tables statements took 34ms
[2025-04-13 03:41:11,680]-[main] INFO  Exposed - Extracting table columns took 43ms
[2025-04-13 03:41:11,716]-[main] INFO  Exposed - Extracting primary keys took 36ms
[2025-04-13 03:41:12,347]-[main] INFO  Exposed - Extracting column constraints took 630ms
[2025-04-13 03:41:12,348]-[main] INFO  Exposed - Preparing alter table statements took 711ms
[2025-04-13 03:41:12,383]-[main] INFO  Exposed - Executing alter table statements took 34ms
[2025-04-13 03:41:12,496]-[main] INFO  Exposed - Checking mapping consistence took 112ms
[2025-04-13 03:41:12,536]-[main] INFO  Exposed - Preparing create tables statements took 40ms
[2025-04-13 03:41:12,569]-[main] INFO  Exposed - Executing create tables statements took 33ms
[2025-04-13 03:41:12,613]-[main] INFO  Exposed - Extracting table columns took 43ms
[2025-04-13 03:41:12,651]-[main] INFO  Exposed - Extracting primary keys took 37ms
[2025-04-13 03:41:12,988]-[main] INFO  Exposed - Extracting column constraints took 336ms
[2025-04-13 03:41:12,989]-[main] INFO  Exposed - Preparing alter table statements took 419ms
[2025-04-13 03:41:13,023]-[main] INFO  Exposed - Executing alter table statements took 34ms
[2025-04-13 03:41:13,138]-[main] INFO  Exposed - Checking mapping consistence took 114ms
[2025-04-13 03:41:13,180]-[main] INFO  Exposed - Preparing create tables statements took 37ms
[2025-04-13 03:41:13,213]-[main] INFO  Exposed - Executing create tables statements took 32ms
[2025-04-13 03:41:13,253]-[main] INFO  Exposed - Extracting table columns took 38ms
[2025-04-13 03:41:13,290]-[main] INFO  Exposed - Extracting primary keys took 36ms
[2025-04-13 03:41:13,922]-[main] INFO  Exposed - Extracting column constraints took 627ms
[2025-04-13 03:41:13,923]-[main] INFO  Exposed - Preparing alter table statements took 708ms
[2025-04-13 03:41:13,957]-[main] INFO  Exposed - Executing alter table statements took 34ms
[2025-04-13 03:41:14,061]-[main] INFO  Exposed - Checking mapping consistence took 104ms
[2025-04-13 03:41:14,103]-[main] INFO  Exposed - Preparing create tables statements took 40ms
[2025-04-13 03:41:14,136]-[main] INFO  Exposed - Executing create tables statements took 33ms
[2025-04-13 03:41:14,174]-[main] INFO  Exposed - Extracting table columns took 37ms
[2025-04-13 03:41:14,209]-[main] INFO  Exposed - Extracting primary keys took 34ms
[2025-04-13 03:41:15,287]-[main] INFO  Exposed - Extracting column constraints took 1077ms
[2025-04-13 03:41:15,288]-[main] INFO  Exposed - Preparing alter table statements took 1151ms
[2025-04-13 03:41:15,333]-[main] INFO  Exposed - Executing alter table statements took 45ms
[2025-04-13 03:41:15,483]-[main] INFO  Exposed - Checking mapping consistence took 150ms
[2025-04-13 03:41:15,522]-[main] INFO  Exposed - Preparing create tables statements took 38ms
[2025-04-13 03:41:15,560]-[main] INFO  Exposed - Executing create tables statements took 37ms
[2025-04-13 03:41:15,597]-[main] INFO  Exposed - Extracting table columns took 36ms
[2025-04-13 03:41:15,630]-[main] INFO  Exposed - Extracting primary keys took 33ms
[2025-04-13 03:41:15,852]-[main] INFO  Exposed - Extracting column constraints took 221ms
[2025-04-13 03:41:15,853]-[main] INFO  Exposed - Preparing alter table statements took 292ms
[2025-04-13 03:41:15,887]-[main] INFO  Exposed - Executing alter table statements took 34ms
[2025-04-13 03:41:15,994]-[main] INFO  Exposed - Checking mapping consistence took 106ms
[2025-04-13 03:41:16,029]-[main] INFO  Exposed - Preparing create tables statements took 35ms
[2025-04-13 03:41:16,062]-[main] INFO  Exposed - Executing create tables statements took 32ms
[2025-04-13 03:41:16,105]-[main] INFO  Exposed - Extracting table columns took 42ms
[2025-04-13 03:41:16,146]-[main] INFO  Exposed - Extracting primary keys took 41ms
[2025-04-13 03:41:16,374]-[main] INFO  Exposed - Extracting column constraints took 227ms
[2025-04-13 03:41:16,375]-[main] INFO  Exposed - Preparing alter table statements took 312ms
[2025-04-13 03:41:16,414]-[main] INFO  Exposed - Executing alter table statements took 39ms
[2025-04-13 03:41:16,528]-[main] INFO  Exposed - Checking mapping consistence took 113ms
[2025-04-13 03:41:16,565]-[main] INFO  Exposed - Preparing create tables statements took 36ms
[2025-04-13 03:41:16,599]-[main] INFO  Exposed - Executing create tables statements took 33ms
[2025-04-13 03:41:16,637]-[main] INFO  Exposed - Extracting table columns took 38ms
[2025-04-13 03:41:16,674]-[main] INFO  Exposed - Extracting primary keys took 37ms
[2025-04-13 03:41:16,980]-[main] INFO  Exposed - Extracting column constraints took 305ms
[2025-04-13 03:41:16,980]-[main] INFO  Exposed - Preparing alter table statements took 381ms
[2025-04-13 03:41:17,015]-[main] INFO  Exposed - Executing alter table statements took 34ms
[2025-04-13 03:41:17,122]-[main] INFO  Exposed - Checking mapping consistence took 107ms
[2025-04-13 03:41:17,163]-[main] INFO  Exposed - Preparing create tables statements took 40ms
[2025-04-13 03:41:17,202]-[main] INFO  Exposed - Executing create tables statements took 39ms
[2025-04-13 03:41:17,244]-[main] INFO  Exposed - Extracting table columns took 41ms
[2025-04-13 03:41:17,283]-[main] INFO  Exposed - Extracting primary keys took 39ms
[2025-04-13 03:41:17,495]-[main] INFO  Exposed - Extracting column constraints took 211ms
[2025-04-13 03:41:17,496]-[main] INFO  Exposed - Preparing alter table statements took 294ms
[2025-04-13 03:41:17,530]-[main] INFO  Exposed - Executing alter table statements took 34ms
[2025-04-13 03:41:17,647]-[main] INFO  Exposed - Checking mapping consistence took 117ms
[2025-04-13 03:41:17,687]-[main] INFO  Exposed - Preparing create tables statements took 39ms
[2025-04-13 03:41:17,725]-[main] INFO  Exposed - Executing create tables statements took 38ms
[2025-04-13 03:41:17,768]-[main] INFO  Exposed - Extracting table columns took 43ms
[2025-04-13 03:41:17,807]-[main] INFO  Exposed - Extracting primary keys took 38ms
[2025-04-13 03:41:18,013]-[main] INFO  Exposed - Extracting column constraints took 205ms
[2025-04-13 03:41:18,014]-[main] INFO  Exposed - Preparing alter table statements took 289ms
[2025-04-13 03:41:18,049]-[main] INFO  Exposed - Executing alter table statements took 35ms
[2025-04-13 03:41:18,163]-[main] INFO  Exposed - Checking mapping consistence took 114ms
[2025-04-13 03:41:18,201]-[main] INFO  Exposed - Preparing create tables statements took 37ms
[2025-04-13 03:41:18,236]-[main] INFO  Exposed - Executing create tables statements took 35ms
[2025-04-13 03:41:18,279]-[main] INFO  Exposed - Extracting table columns took 43ms
[2025-04-13 03:41:18,319]-[main] INFO  Exposed - Extracting primary keys took 40ms
[2025-04-13 03:41:18,867]-[main] INFO  Exposed - Extracting column constraints took 547ms
[2025-04-13 03:41:18,868]-[main] INFO  Exposed - Preparing alter table statements took 632ms
[2025-04-13 03:41:18,907]-[main] INFO  Exposed - Executing alter table statements took 39ms
[2025-04-13 03:41:19,011]-[main] INFO  Exposed - Checking mapping consistence took 103ms
[2025-04-13 03:41:19,047]-[main] INFO  Exposed - Preparing create tables statements took 35ms
[2025-04-13 03:41:19,081]-[main] INFO  Exposed - Executing create tables statements took 34ms
[2025-04-13 03:41:19,122]-[main] INFO  Exposed - Extracting table columns took 41ms
[2025-04-13 03:41:19,162]-[main] INFO  Exposed - Extracting primary keys took 40ms
[2025-04-13 03:41:19,479]-[main] INFO  Exposed - Extracting column constraints took 317ms
[2025-04-13 03:41:19,480]-[main] INFO  Exposed - Preparing alter table statements took 399ms
[2025-04-13 03:41:19,520]-[main] INFO  Exposed - Executing alter table statements took 40ms
[2025-04-13 03:41:19,636]-[main] INFO  Exposed - Checking mapping consistence took 116ms
[2025-04-13 03:41:19,677]-[main] INFO  Exposed - Preparing create tables statements took 40ms
[2025-04-13 03:41:19,715]-[main] INFO  Exposed - Executing create tables statements took 38ms
[2025-04-13 03:41:19,755]-[main] INFO  Exposed - Extracting table columns took 40ms
[2025-04-13 03:41:19,795]-[main] INFO  Exposed - Extracting primary keys took 40ms
[2025-04-13 03:41:19,901]-[main] INFO  Exposed - Extracting column constraints took 106ms
[2025-04-13 03:41:19,901]-[main] INFO  Exposed - Preparing alter table statements took 186ms
[2025-04-13 03:41:19,935]-[main] INFO  Exposed - Executing alter table statements took 33ms
[2025-04-13 03:41:20,042]-[main] INFO  Exposed - Checking mapping consistence took 106ms
[2025-04-13 03:41:20,079]-[main] INFO  Exposed - Preparing create tables statements took 35ms
[2025-04-13 03:41:20,117]-[main] INFO  Exposed - Executing create tables statements took 37ms
[2025-04-13 03:41:20,156]-[main] INFO  Exposed - Extracting table columns took 38ms
[2025-04-13 03:41:20,195]-[main] INFO  Exposed - Extracting primary keys took 38ms
[2025-04-13 03:41:20,532]-[main] INFO  Exposed - Extracting column constraints took 337ms
[2025-04-13 03:41:20,533]-[main] INFO  Exposed - Preparing alter table statements took 415ms
[2025-04-13 03:41:20,573]-[main] INFO  Exposed - Executing alter table statements took 39ms
[2025-04-13 03:41:20,689]-[main] INFO  Exposed - Checking mapping consistence took 115ms
[2025-04-13 03:41:20,731]-[main] INFO  Exposed - Preparing create tables statements took 41ms
[2025-04-13 03:41:20,768]-[main] INFO  Exposed - Executing create tables statements took 37ms
[2025-04-13 03:41:20,811]-[main] INFO  Exposed - Extracting table columns took 43ms
[2025-04-13 03:41:20,853]-[main] INFO  Exposed - Extracting primary keys took 42ms
[2025-04-13 03:41:21,494]-[main] INFO  Exposed - Extracting column constraints took 640ms
[2025-04-13 03:41:21,495]-[main] INFO  Exposed - Preparing alter table statements took 727ms
[2025-04-13 03:41:21,534]-[main] INFO  Exposed - Executing alter table statements took 39ms
[2025-04-13 03:41:21,651]-[main] INFO  Exposed - Checking mapping consistence took 116ms
[2025-04-13 03:41:21,691]-[main] INFO  Exposed - Preparing create tables statements took 39ms
[2025-04-13 03:41:21,729]-[main] INFO  Exposed - Executing create tables statements took 37ms
[2025-04-13 03:41:21,767]-[main] INFO  Exposed - Extracting table columns took 38ms
[2025-04-13 03:41:21,811]-[main] INFO  Exposed - Extracting primary keys took 44ms
[2025-04-13 03:41:21,913]-[main] INFO  Exposed - Extracting column constraints took 102ms
[2025-04-13 03:41:21,913]-[main] INFO  Exposed - Preparing alter table statements took 184ms
[2025-04-13 03:41:21,946]-[main] INFO  Exposed - Executing alter table statements took 33ms
[2025-04-13 03:41:22,048]-[main] INFO  Exposed - Checking mapping consistence took 102ms
[2025-04-13 03:41:22,085]-[main] INFO  Exposed - Preparing create tables statements took 36ms
[2025-04-13 03:41:22,123]-[main] INFO  Exposed - Executing create tables statements took 38ms
[2025-04-13 03:41:22,162]-[main] INFO  Exposed - Extracting table columns took 39ms
[2025-04-13 03:41:22,202]-[main] INFO  Exposed - Extracting primary keys took 40ms
[2025-04-13 03:41:22,416]-[main] INFO  Exposed - Extracting column constraints took 214ms
[2025-04-13 03:41:22,416]-[main] INFO  Exposed - Preparing alter table statements took 293ms
[2025-04-13 03:41:22,454]-[main] INFO  Exposed - Executing alter table statements took 38ms
[2025-04-13 03:41:22,569]-[main] INFO  Exposed - Checking mapping consistence took 115ms
[2025-04-13 03:41:22,612]-[main] INFO  Exposed - Preparing create tables statements took 41ms
[2025-04-13 03:41:22,650]-[main] INFO  Exposed - Executing create tables statements took 38ms
[2025-04-13 03:41:22,694]-[main] INFO  Exposed - Extracting table columns took 43ms
[2025-04-13 03:41:22,734]-[main] INFO  Exposed - Extracting primary keys took 40ms
[2025-04-13 03:41:23,278]-[main] INFO  Exposed - Extracting column constraints took 544ms
[2025-04-13 03:41:23,279]-[main] INFO  Exposed - Preparing alter table statements took 628ms
[2025-04-13 03:41:23,319]-[main] INFO  Exposed - Executing alter table statements took 40ms
[2025-04-13 03:41:23,440]-[main] INFO  Exposed - Checking mapping consistence took 120ms
[2025-04-13 03:41:23,479]-[main] INFO  Exposed - Preparing create tables statements took 38ms
[2025-04-13 03:41:23,513]-[main] INFO  Exposed - Executing create tables statements took 34ms
[2025-04-13 03:41:23,555]-[main] INFO  Exposed - Extracting table columns took 42ms
[2025-04-13 03:41:23,595]-[main] INFO  Exposed - Extracting primary keys took 39ms
[2025-04-13 03:41:23,908]-[main] INFO  Exposed - Extracting column constraints took 312ms
[2025-04-13 03:41:23,908]-[main] INFO  Exposed - Preparing alter table statements took 395ms
[2025-04-13 03:41:23,942]-[main] INFO  Exposed - Executing alter table statements took 34ms
[2025-04-13 03:41:24,046]-[main] INFO  Exposed - Checking mapping consistence took 103ms
[2025-04-13 03:41:24,088]-[main] INFO  Exposed - Preparing create tables statements took 42ms
[2025-04-13 03:41:24,123]-[main] INFO  Exposed - Executing create tables statements took 34ms
[2025-04-13 03:41:24,160]-[main] INFO  Exposed - Extracting table columns took 36ms
[2025-04-13 03:41:24,197]-[main] INFO  Exposed - Extracting primary keys took 36ms
[2025-04-13 03:41:24,300]-[main] INFO  Exposed - Extracting column constraints took 102ms
[2025-04-13 03:41:24,300]-[main] INFO  Exposed - Preparing alter table statements took 176ms
[2025-04-13 03:41:24,339]-[main] INFO  Exposed - Executing alter table statements took 39ms
[2025-04-13 03:41:24,454]-[main] INFO  Exposed - Checking mapping consistence took 115ms
[2025-04-13 03:41:24,495]-[main] INFO  Exposed - Preparing create tables statements took 40ms
[2025-04-13 03:41:24,534]-[main] INFO  Exposed - Executing create tables statements took 39ms
[2025-04-13 03:41:24,576]-[main] INFO  Exposed - Extracting table columns took 41ms
[2025-04-13 03:41:24,617]-[main] INFO  Exposed - Extracting primary keys took 41ms
[2025-04-13 03:41:25,245]-[main] INFO  Exposed - Extracting column constraints took 625ms
[2025-04-13 03:41:25,245]-[main] INFO  Exposed - Preparing alter table statements took 710ms
[2025-04-13 03:41:25,285]-[main] INFO  Exposed - Executing alter table statements took 40ms
[2025-04-13 03:41:25,411]-[main] INFO  Exposed - Checking mapping consistence took 125ms
[2025-04-13 03:41:25,454]-[main] INFO  Exposed - Preparing create tables statements took 43ms
[2025-04-13 03:41:25,491]-[main] INFO  Exposed - Executing create tables statements took 37ms
[2025-04-13 03:41:25,531]-[main] INFO  Exposed - Extracting table columns took 40ms
[2025-04-13 03:41:25,572]-[main] INFO  Exposed - Extracting primary keys took 41ms
[2025-04-13 03:41:25,902]-[main] INFO  Exposed - Extracting column constraints took 330ms
[2025-04-13 03:41:25,903]-[main] INFO  Exposed - Preparing alter table statements took 412ms
[2025-04-13 03:41:25,943]-[main] INFO  Exposed - Executing alter table statements took 39ms
[2025-04-13 03:41:26,062]-[main] INFO  Exposed - Checking mapping consistence took 119ms
[2025-04-13 03:41:26,109]-[main] INFO  Exposed - Preparing create tables statements took 41ms
[2025-04-13 03:41:26,147]-[main] INFO  Exposed - Executing create tables statements took 37ms
[2025-04-13 03:41:26,192]-[main] INFO  Exposed - Extracting table columns took 44ms
[2025-04-13 03:41:26,232]-[main] INFO  Exposed - Extracting primary keys took 40ms
[2025-04-13 03:41:26,553]-[main] INFO  Exposed - Extracting column constraints took 318ms
[2025-04-13 03:41:26,553]-[main] INFO  Exposed - Preparing alter table statements took 405ms
[2025-04-13 03:41:26,592]-[main] INFO  Exposed - Executing alter table statements took 38ms
[2025-04-13 03:41:26,704]-[main] INFO  Exposed - Checking mapping consistence took 111ms
[2025-04-13 03:41:26,747]-[main] INFO  Exposed - Preparing create tables statements took 38ms
[2025-04-13 03:41:26,784]-[main] INFO  Exposed - Executing create tables statements took 37ms
[2025-04-13 03:41:26,827]-[main] INFO  Exposed - Extracting table columns took 43ms
[2025-04-13 03:41:26,868]-[main] INFO  Exposed - Extracting primary keys took 41ms
[2025-04-13 03:41:26,972]-[main] INFO  Exposed - Extracting column constraints took 102ms
[2025-04-13 03:41:26,973]-[main] INFO  Exposed - Preparing alter table statements took 189ms
[2025-04-13 03:41:27,012]-[main] INFO  Exposed - Executing alter table statements took 38ms
[2025-04-13 03:41:27,123]-[main] INFO  Exposed - Checking mapping consistence took 110ms
[2025-04-13 03:41:27,164]-[main] INFO  Exposed - Preparing create tables statements took 40ms
[2025-04-13 03:41:27,203]-[main] INFO  Exposed - Executing create tables statements took 38ms
[2025-04-13 03:41:27,243]-[main] INFO  Exposed - Extracting table columns took 40ms
[2025-04-13 03:41:27,283]-[main] INFO  Exposed - Extracting primary keys took 40ms
[2025-04-13 03:41:27,598]-[main] INFO  Exposed - Extracting column constraints took 315ms
[2025-04-13 03:41:27,599]-[main] INFO  Exposed - Preparing alter table statements took 396ms
[2025-04-13 03:41:27,639]-[main] INFO  Exposed - Executing alter table statements took 40ms
[2025-04-13 03:41:27,757]-[main] INFO  Exposed - Checking mapping consistence took 118ms
[2025-04-13 03:41:27,799]-[main] INFO  Exposed - Preparing create tables statements took 39ms
[2025-04-13 03:41:27,835]-[main] INFO  Exposed - Executing create tables statements took 36ms
[2025-04-13 03:41:27,875]-[main] INFO  Exposed - Extracting table columns took 39ms
[2025-04-13 03:41:27,911]-[main] INFO  Exposed - Extracting primary keys took 36ms
[2025-04-13 03:41:28,014]-[main] INFO  Exposed - Extracting column constraints took 102ms
[2025-04-13 03:41:28,014]-[main] INFO  Exposed - Preparing alter table statements took 178ms
[2025-04-13 03:41:28,050]-[main] INFO  Exposed - Executing alter table statements took 36ms
[2025-04-13 03:41:28,155]-[main] INFO  Exposed - Checking mapping consistence took 105ms
[2025-04-13 03:41:28,192]-[main] INFO  Exposed - Preparing create tables statements took 35ms
[2025-04-13 03:41:28,225]-[main] INFO  Exposed - Executing create tables statements took 31ms
[2025-04-13 03:41:28,261]-[main] INFO  Exposed - Extracting table columns took 36ms
[2025-04-13 03:41:28,297]-[main] INFO  Exposed - Extracting primary keys took 35ms
[2025-04-13 03:41:28,397]-[main] INFO  Exposed - Extracting column constraints took 100ms
[2025-04-13 03:41:28,397]-[main] INFO  Exposed - Preparing alter table statements took 172ms
[2025-04-13 03:41:28,431]-[main] INFO  Exposed - Executing alter table statements took 34ms
[2025-04-13 03:41:28,534]-[main] INFO  Exposed - Checking mapping consistence took 102ms
[2025-04-13 03:41:28,571]-[main] INFO  Exposed - Preparing create tables statements took 35ms
[2025-04-13 03:41:28,603]-[main] INFO  Exposed - Executing create tables statements took 32ms
[2025-04-13 03:41:28,640]-[main] INFO  Exposed - Extracting table columns took 37ms
[2025-04-13 03:41:28,675]-[main] INFO  Exposed - Extracting primary keys took 35ms
[2025-04-13 03:41:28,776]-[main] INFO  Exposed - Extracting column constraints took 100ms
[2025-04-13 03:41:28,776]-[main] INFO  Exposed - Preparing alter table statements took 173ms
[2025-04-13 03:41:28,809]-[main] INFO  Exposed - Executing alter table statements took 32ms
[2025-04-13 03:41:28,912]-[main] INFO  Exposed - Checking mapping consistence took 103ms
[2025-04-13 03:41:28,954]-[main] INFO  Exposed - Preparing create tables statements took 37ms
[2025-04-13 03:41:28,987]-[main] INFO  Exposed - Executing create tables statements took 33ms
[2025-04-13 03:41:29,032]-[main] INFO  Exposed - Extracting table columns took 45ms
[2025-04-13 03:41:29,068]-[main] INFO  Exposed - Extracting primary keys took 35ms
[2025-04-13 03:41:29,364]-[main] INFO  Exposed - Extracting column constraints took 295ms
[2025-04-13 03:41:29,365]-[main] INFO  Exposed - Preparing alter table statements took 378ms
[2025-04-13 03:41:29,400]-[main] INFO  Exposed - Executing alter table statements took 34ms
[2025-04-13 03:41:29,504]-[main] INFO  Exposed - Checking mapping consistence took 103ms
[2025-04-13 03:41:29,543]-[main] INFO  Exposed - Preparing create tables statements took 35ms
[2025-04-13 03:41:29,576]-[main] INFO  Exposed - Executing create tables statements took 33ms
[2025-04-13 03:41:29,613]-[main] INFO  Exposed - Extracting table columns took 37ms
[2025-04-13 03:41:29,649]-[main] INFO  Exposed - Extracting primary keys took 35ms
[2025-04-13 03:41:29,748]-[main] INFO  Exposed - Extracting column constraints took 97ms
[2025-04-13 03:41:29,749]-[main] INFO  Exposed - Preparing alter table statements took 173ms
[2025-04-13 03:41:29,784]-[main] INFO  Exposed - Executing alter table statements took 35ms
[2025-04-13 03:41:29,887]-[main] INFO  Exposed - Checking mapping consistence took 102ms
[2025-04-13 03:41:29,925]-[main] INFO  Exposed - Preparing create tables statements took 36ms
[2025-04-13 03:41:29,959]-[main] INFO  Exposed - Executing create tables statements took 34ms
[2025-04-13 03:41:29,994]-[main] INFO  Exposed - Extracting table columns took 35ms
[2025-04-13 03:41:30,029]-[main] INFO  Exposed - Extracting primary keys took 34ms
[2025-04-13 03:41:30,130]-[main] INFO  Exposed - Extracting column constraints took 101ms
[2025-04-13 03:41:30,130]-[main] INFO  Exposed - Preparing alter table statements took 171ms
[2025-04-13 03:41:30,167]-[main] INFO  Exposed - Executing alter table statements took 36ms
[2025-04-13 03:41:30,271]-[main] INFO  Exposed - Checking mapping consistence took 103ms
[2025-04-13 03:41:30,307]-[main] INFO  Exposed - Preparing create tables statements took 34ms
[2025-04-13 03:41:30,339]-[main] INFO  Exposed - Executing create tables statements took 32ms
[2025-04-13 03:41:30,375]-[main] INFO  Exposed - Extracting table columns took 35ms
[2025-04-13 03:41:30,411]-[main] INFO  Exposed - Extracting primary keys took 35ms
[2025-04-13 03:41:30,525]-[main] INFO  Exposed - Extracting column constraints took 114ms
[2025-04-13 03:41:30,525]-[main] INFO  Exposed - Preparing alter table statements took 185ms
[2025-04-13 03:41:30,558]-[main] INFO  Exposed - Executing alter table statements took 33ms
[2025-04-13 03:41:30,660]-[main] INFO  Exposed - Checking mapping consistence took 102ms
[2025-04-13 03:41:30,698]-[main] INFO  Exposed - Preparing create tables statements took 36ms
[2025-04-13 03:41:30,732]-[main] INFO  Exposed - Executing create tables statements took 34ms
[2025-04-13 03:41:30,769]-[main] INFO  Exposed - Extracting table columns took 36ms
[2025-04-13 03:41:30,804]-[main] INFO  Exposed - Extracting primary keys took 35ms
[2025-04-13 03:41:31,601]-[main] INFO  Exposed - Extracting column constraints took 796ms
[2025-04-13 03:41:31,601]-[main] INFO  Exposed - Preparing alter table statements took 868ms
[2025-04-13 03:41:31,635]-[main] INFO  Exposed - Executing alter table statements took 34ms
[2025-04-13 03:41:31,739]-[main] INFO  Exposed - Checking mapping consistence took 104ms
[2025-04-13 03:41:31,777]-[main] INFO  Exposed - Preparing create tables statements took 36ms
[2025-04-13 03:41:31,810]-[main] INFO  Exposed - Executing create tables statements took 33ms
[2025-04-13 03:41:31,849]-[main] INFO  Exposed - Extracting table columns took 38ms
[2025-04-13 03:41:31,886]-[main] INFO  Exposed - Extracting primary keys took 36ms
[2025-04-13 03:41:32,695]-[main] INFO  Exposed - Extracting column constraints took 809ms
[2025-04-13 03:41:32,696]-[main] INFO  Exposed - Preparing alter table statements took 885ms
[2025-04-13 03:41:32,732]-[main] INFO  Exposed - Executing alter table statements took 35ms
[2025-04-13 03:41:32,834]-[main] INFO  Exposed - Checking mapping consistence took 102ms
[2025-04-13 03:41:32,870]-[main] INFO  Exposed - Preparing create tables statements took 34ms
[2025-04-13 03:41:32,902]-[main] INFO  Exposed - Executing create tables statements took 32ms
[2025-04-13 03:41:32,938]-[main] INFO  Exposed - Extracting table columns took 35ms
[2025-04-13 03:41:32,974]-[main] INFO  Exposed - Extracting primary keys took 35ms
[2025-04-13 03:41:33,074]-[main] INFO  Exposed - Extracting column constraints took 99ms
[2025-04-13 03:41:33,074]-[main] INFO  Exposed - Preparing alter table statements took 171ms
[2025-04-13 03:41:33,107]-[main] INFO  Exposed - Executing alter table statements took 33ms
[2025-04-13 03:41:33,240]-[main] INFO  Exposed - Checking mapping consistence took 133ms
[2025-04-13 03:41:33,277]-[main] INFO  Exposed - Preparing create tables statements took 34ms
[2025-04-13 03:41:33,314]-[main] INFO  Exposed - Executing create tables statements took 37ms
[2025-04-13 03:41:33,356]-[main] INFO  Exposed - Extracting table columns took 42ms
[2025-04-13 03:41:33,395]-[main] INFO  Exposed - Extracting primary keys took 39ms
[2025-04-13 03:41:34,429]-[main] INFO  Exposed - Extracting column constraints took 1033ms
[2025-04-13 03:41:34,430]-[main] INFO  Exposed - Preparing alter table statements took 1116ms
[2025-04-13 03:41:34,464]-[main] INFO  Exposed - Executing alter table statements took 34ms
[2025-04-13 03:41:34,566]-[main] INFO  Exposed - Checking mapping consistence took 101ms
[2025-04-13 03:41:34,600]-[main] INFO  Exposed - Preparing create tables statements took 34ms
[2025-04-13 03:41:34,633]-[main] INFO  Exposed - Executing create tables statements took 33ms
[2025-04-13 03:41:34,668]-[main] INFO  Exposed - Extracting table columns took 35ms
[2025-04-13 03:41:34,703]-[main] INFO  Exposed - Extracting primary keys took 35ms
[2025-04-13 03:41:34,800]-[main] INFO  Exposed - Extracting column constraints took 97ms
[2025-04-13 03:41:34,800]-[main] INFO  Exposed - Preparing alter table statements took 167ms
[2025-04-13 03:41:34,833]-[main] INFO  Exposed - Executing alter table statements took 33ms
[2025-04-13 03:41:34,934]-[main] INFO  Exposed - Checking mapping consistence took 101ms
[2025-04-13 03:41:34,971]-[main] INFO  Exposed - Preparing create tables statements took 35ms
[2025-04-13 03:41:35,004]-[main] INFO  Exposed - Executing create tables statements took 33ms
[2025-04-13 03:41:35,040]-[main] INFO  Exposed - Extracting table columns took 36ms
[2025-04-13 03:41:35,075]-[main] INFO  Exposed - Extracting primary keys took 34ms
[2025-04-13 03:41:35,285]-[main] INFO  Exposed - Extracting column constraints took 209ms
[2025-04-13 03:41:35,285]-[main] INFO  Exposed - Preparing alter table statements took 281ms
[2025-04-13 03:41:35,324]-[main] INFO  Exposed - Executing alter table statements took 38ms
[2025-04-13 03:41:35,444]-[main] INFO  Exposed - Checking mapping consistence took 119ms
[2025-04-13 03:41:35,483]-[main] INFO  Exposed - Preparing create tables statements took 37ms
[2025-04-13 03:41:35,517]-[main] INFO  Exposed - Executing create tables statements took 34ms
[2025-04-13 03:41:35,554]-[main] INFO  Exposed - Extracting table columns took 36ms
[2025-04-13 03:41:35,591]-[main] INFO  Exposed - Extracting primary keys took 37ms
[2025-04-13 03:41:36,296]-[main] INFO  Exposed - Extracting column constraints took 704ms
[2025-04-13 03:41:36,297]-[main] INFO  Exposed - Preparing alter table statements took 779ms
[2025-04-13 03:41:36,331]-[main] INFO  Exposed - Executing alter table statements took 34ms
[2025-04-13 03:41:36,431]-[main] INFO  Exposed - Checking mapping consistence took 99ms
[2025-04-13 03:41:37,508]-[main] INFO  Exposed - Preparing create tables statements took 540ms
[2025-04-13 03:41:37,541]-[main] INFO  Exposed - Executing create tables statements took 33ms
[2025-04-13 03:41:37,580]-[main] INFO  Exposed - Extracting table columns took 39ms
[2025-04-13 03:41:37,617]-[main] INFO  Exposed - Extracting primary keys took 37ms
[2025-04-13 03:41:37,778]-[main] INFO  Exposed - Extracting column constraints took 160ms
[2025-04-13 03:41:37,779]-[main] INFO  Exposed - Preparing alter table statements took 238ms
[2025-04-13 03:41:37,812]-[main] INFO  Exposed - Executing alter table statements took 33ms
[2025-04-13 03:41:37,915]-[main] INFO  Exposed - Checking mapping consistence took 102ms
[2025-04-13 03:41:37,952]-[main] INFO  Exposed - Preparing create tables statements took 35ms
[2025-04-13 03:41:37,984]-[main] INFO  Exposed - Executing create tables statements took 32ms
[2025-04-13 03:41:38,020]-[main] INFO  Exposed - Extracting table columns took 36ms
[2025-04-13 03:41:38,057]-[main] INFO  Exposed - Extracting primary keys took 37ms
[2025-04-13 03:41:38,175]-[main] INFO  Exposed - Extracting column constraints took 118ms
[2025-04-13 03:41:38,175]-[main] INFO  Exposed - Preparing alter table statements took 191ms
[2025-04-13 03:41:38,213]-[main] INFO  Exposed - Executing alter table statements took 38ms
[2025-04-13 03:41:38,315]-[main] INFO  Exposed - Checking mapping consistence took 101ms
[2025-04-13 03:41:38,350]-[main] INFO  Exposed - Preparing create tables statements took 34ms
[2025-04-13 03:41:38,383]-[main] INFO  Exposed - Executing create tables statements took 33ms
[2025-04-13 03:41:38,420]-[main] INFO  Exposed - Extracting table columns took 37ms
[2025-04-13 03:41:38,456]-[main] INFO  Exposed - Extracting primary keys took 35ms
[2025-04-13 03:41:38,573]-[main] INFO  Exposed - Extracting column constraints took 117ms
[2025-04-13 03:41:38,573]-[main] INFO  Exposed - Preparing alter table statements took 190ms
[2025-04-13 03:41:38,610]-[main] INFO  Exposed - Executing alter table statements took 36ms
[2025-04-13 03:41:38,712]-[main] INFO  Exposed - Checking mapping consistence took 102ms
[2025-04-13 03:41:38,747]-[main] INFO  Exposed - Preparing create tables statements took 33ms
[2025-04-13 03:41:38,780]-[main] INFO  Exposed - Executing create tables statements took 32ms
[2025-04-13 03:41:38,815]-[main] INFO  Exposed - Extracting table columns took 35ms
[2025-04-13 03:41:38,848]-[main] INFO  Exposed - Extracting primary keys took 33ms
[2025-04-13 03:41:39,084]-[main] INFO  Exposed - Extracting column constraints took 236ms
[2025-04-13 03:41:39,085]-[main] INFO  Exposed - Preparing alter table statements took 305ms
[2025-04-13 03:41:39,119]-[main] INFO  Exposed - Executing alter table statements took 34ms
[2025-04-13 03:41:39,220]-[main] INFO  Exposed - Checking mapping consistence took 100ms
[2025-04-13 03:41:39,254]-[main] INFO  Exposed - Preparing create tables statements took 33ms
[2025-04-13 03:41:39,286]-[main] INFO  Exposed - Executing create tables statements took 32ms
[2025-04-13 03:41:39,323]-[main] INFO  Exposed - Extracting table columns took 37ms
[2025-04-13 03:41:39,357]-[main] INFO  Exposed - Extracting primary keys took 34ms
[2025-04-13 03:41:39,596]-[main] INFO  Exposed - Extracting column constraints took 238ms
[2025-04-13 03:41:39,596]-[main] INFO  Exposed - Preparing alter table statements took 310ms
[2025-04-13 03:41:39,629]-[main] INFO  Exposed - Executing alter table statements took 33ms
[2025-04-13 03:41:39,728]-[main] INFO  Exposed - Checking mapping consistence took 98ms
[2025-04-13 03:41:39,764]-[main] INFO  Exposed - Preparing create tables statements took 34ms
[2025-04-13 03:41:39,795]-[main] INFO  Exposed - Executing create tables statements took 31ms
[2025-04-13 03:41:39,831]-[main] INFO  Exposed - Extracting table columns took 35ms
[2025-04-13 03:41:39,880]-[main] INFO  Exposed - Extracting primary keys took 48ms
[2025-04-13 03:41:40,126]-[main] INFO  Exposed - Extracting column constraints took 243ms
[2025-04-13 03:41:40,127]-[main] INFO  Exposed - Preparing alter table statements took 331ms
[2025-04-13 03:41:40,162]-[main] INFO  Exposed - Executing alter table statements took 35ms
[2025-04-13 03:41:40,294]-[main] INFO  Exposed - Checking mapping consistence took 132ms
[2025-04-13 03:41:40,329]-[main] INFO  Exposed - Preparing create tables statements took 34ms
[2025-04-13 03:41:40,361]-[main] INFO  Exposed - Executing create tables statements took 31ms
[2025-04-13 03:41:40,396]-[main] INFO  Exposed - Extracting table columns took 35ms
[2025-04-13 03:41:40,429]-[main] INFO  Exposed - Extracting primary keys took 33ms
[2025-04-13 03:41:40,786]-[main] INFO  Exposed - Extracting column constraints took 356ms
[2025-04-13 03:41:40,786]-[main] INFO  Exposed - Preparing alter table statements took 425ms
[2025-04-13 03:41:40,821]-[main] INFO  Exposed - Executing alter table statements took 35ms
[2025-04-13 03:41:40,922]-[main] INFO  Exposed - Checking mapping consistence took 101ms
[2025-04-13 03:41:40,956]-[main] INFO  Exposed - Preparing create tables statements took 33ms
[2025-04-13 03:41:40,987]-[main] INFO  Exposed - Executing create tables statements took 31ms
[2025-04-13 03:41:41,024]-[main] INFO  Exposed - Extracting table columns took 36ms
[2025-04-13 03:41:41,058]-[main] INFO  Exposed - Extracting primary keys took 34ms
[2025-04-13 03:41:41,295]-[main] INFO  Exposed - Extracting column constraints took 236ms
[2025-04-13 03:41:41,295]-[main] INFO  Exposed - Preparing alter table statements took 307ms
[2025-04-13 03:41:41,329]-[main] INFO  Exposed - Executing alter table statements took 34ms
[2025-04-13 03:41:41,427]-[main] INFO  Exposed - Checking mapping consistence took 98ms
[2025-04-13 03:41:41,598]-[main] INFO  [Koin] - Started 36 definitions in 2.745 ms
[2025-04-13 03:41:42,069]-[main] INFO  Application - Application started in 36.681 seconds.
[2025-04-13 03:41:42,070]-[main] INFO  Application - Application started: io.ktor.server.application.Application@2dafae61
[2025-04-13 03:41:42,393]-[DefaultDispatcher-worker-1 @coroutine#1] INFO  Application - Responding at http://localhost:8080
